sample_id,PCB1,PCB2,PCB3,PCB4,PCB5,PCB6,PCB7,PCB8,PCB9,PCB10,PCB11,PCB12.13,PCB14,PCB15,PCB16,PCB17,PCB18.30,PCB19,PCB20.28,PCB21.33,PCB22,PCB23,PCB24,PCB25,PCB26.29,PCB27,PCB31,PCB32,PCB34,PCB35,PCB36,PCB37,PCB38,PCB39,PCB40.71,PCB41,PCB42,PCB43,PCB44.47.65,PCB45,PCB46,PCB48,PCB49.69,PCB50.53,PCB51,PCB52,PCB54,PCB55,PCB56,PCB57,PCB58,PCB59.62.75,PCB60,PCB61.70.74.76,PCB63,PCB64,PCB66,PCB67,PCB68,PCB72,PCB73,PCB77,PCB78,PCB79,PCB80,PCB81,PCB82,PCB83,PCB84,PCB85.116,PCB86.97.109.119,PCB87.125,PCB88,PCB89,PCB90.101.113,PCB91,PCB92,PCB93.100,PCB94,PCB95,PCB96,PCB98,PCB99,PCB102,PCB103,PCB104,PCB105,PCB106,PCB107,PCB108.124,PCB110,PCB111,PCB112,PCB114,PCB115,PCB117,PCB118,PCB120,PCB121,PCB122,PCB123,PCB126,PCB127,PCB128.166,PCB129.138.163,PCB130,PCB131,PCB132,PCB133,PCB134,PCB135.151,PCB136,PCB137,PCB139.140,PCB141,PCB142,PCB143,PCB144,PCB145,PCB146,PCB147.149,PCB148,PCB150,PCB152,PCB153.168,PCB154,PCB155,PCB156.157,PCB158,PCB159,PCB160,PCB161,PCB162,PCB164,PCB165,PCB167,PCB169,PCB170,PCB171.173,PCB172,PCB174,PCB175,PCB176,PCB177,PCB178,PCB179,PCB180.193,PCB181,PCB182,PCB183,PCB184,PCB185,PCB186,PCB187,PCB188,PCB189,PCB190,PCB191,PCB192,PCB194,PCB195,PCB196,PCB197,PCB198.199,PCB200,PCB201,PCB202,PCB203,PCB205,PCB206,PCB207,PCB208,PCB209,tPCB
S644,16.61236671,3.62671383,20.30410447,8.365677052,1.996140213,9.693023914,3.180722958,37.26442624,3.553065016,0.692179235,6.209294224,6.978096149,0.001896066,21.54721871,8.981296408,7.188794812,16.3944176,1.324434517,28.17276301,19.33378924,12.19658587,0.005475781,0.2123784,2.260055234,4.957251728,1.231903258,33.33598787,6.162315931,0.077701699,0.476228744,0.002431954,6.301501857,0.213257432,0.005272062,29.7837207,5.062850673,15.54786178,2.050873931,130.7227484,7.592380658,2.75246007,11.24083529,72.76451174,8.693003704,1.378322275,369.5014754,0.04193664,0.376366744,23.77904629,0.030064246,0.005785471,3.30099351,14.0443461,285.0559426,3.690756289,54.77839329,67.02316117,0.887616304,0.018217243,0.179154832,0.478171252,1.228243939,0.005552007,0.007607185,0.004410811,0.019955742,30.24557795,16.01578374,109.3990345,37.14179896,84.26486146,125.4201868,0.407080506,4.075771719,367.466947,48.86636035,79.22442254,1.865957778,1.474115168,440.124054,2.506186456,0.243751276,135.4745593,10.58636884,2.107135609,0.003831842,43.61936134,0.013141895,8.44850061,7.274618814,258.6291029,0.010218751,0.083720583,3.203390278,1.554755783,6.780435979,137.8225373,0.011953479,0.003941893,1.797275643,2.457184055,0.005329066,0.01573673,8.334666168,77.99262525,6.207823009,3.85739205,49.03411544,1.82184869,12.26882606,51.27947831,36.60650763,6.978423416,4.795412058,15.35050045,0.02358495,0.584089782,10.67196937,0.213524413,12.47682343,114.3415954,0.141510191,0.338747603,0.468120494,70.10154764,1.611658705,0.001367662,3.561940545,8.966296045,0.003610775,0.010404684,0.003646248,0.019578778,4.222215793,0.004151387,1.568604004,0.005174529,0.79479496,1.150132343,0.254500419,2.760845914,0.271469576,1.240038598,1.550885713,0.876127311,3.150404093,2.198806323,0.050069257,0.054547618,2.406519518,0.117873532,0.293863537,0.003748027,3.794743145,0.070367134,0.011269935,0.228543781,0.031395771,0.002971089,0.068315524,0.015873793,0.146160675,0.007950438,0.46194419,0.017081915,0.039621847,0.065439847,0.207581791,0.011062643,0.082495355,0.071837683,0.10022686,0.060208305,3896.088025
S646,19.10202017,3.845162791,19.08352626,9.607689269,1.711251927,9.258175323,3.110475476,33.94346311,3.450220504,0.753199329,4.856881261,5.021941912,0.009260097,14.98192405,7.073990913,6.839605846,16.90414724,1.228334788,21.37382367,14.62167923,8.635296831,0.007369179,0.311196209,1.861990755,3.717648603,1.145276045,24.31152806,5.178990085,0.004789325,0.234624604,0.002579501,4.181826616,0.10712511,0.006399041,19.2787713,3.099325955,10.39420855,1.279503316,88.96683365,5.401845807,1.897966025,7.96091258,49.26346599,6.133581968,0.748284435,243.8636829,0.003382043,0.047566446,11.95921424,0.004858567,0.003163745,2.029068826,6.921107652,147.1479898,2.089084401,36.28421193,35.07851813,0.287337415,0.003693718,0.005381409,0.544772997,0.475477553,0.004842259,0.006390627,0.008351501,0.00496169,15.06572656,7.667190862,59.62785652,18.27059471,46.53786831,66.85299581,0.154573072,2.258841344,187.0717571,26.61744495,43.38435715,1.284947107,0.753887432,254.3363253,1.917659477,0.096404795,79.25672866,6.302682094,1.262391295,0.012848313,20.07558495,0.008761244,3.982102936,3.992600431,130.2697586,0.006079322,0.025564827,1.673044701,0.427521966,3.055423803,68.42318163,0.007274565,0.003234413,0.937812745,0.982707398,0.005513411,0.011474299,3.89778276,36.93142595,3.098947146,2.035554919,25.7285603,0.934954972,6.534665207,26.7086419,20.19933227,3.573384706,2.466153742,8.064364788,0.00544963,0.317747683,5.383297967,0.069751668,6.198569274,57.93370395,0.079412762,0.239049024,0.243282748,35.52710341,0.812136466,0.00111696,1.666482571,4.198762692,0.003212856,0.006353556,0.004344749,0.008487366,2.236147158,0.002638044,0.749406524,0.005538436,0.134268809,0.536650031,0.111321561,1.223236403,0.04298428,0.652852927,0.656956393,0.405886855,1.52293299,1.06115069,0.010306306,0.042931106,1.119204793,0.098426204,0.09573824,0.007714979,1.645991958,0.049722706,0.017398606,0.025149136,0.005619596,0.00458679,0.022143527,0.008575449,0.009668562,0.010737601,0.202763149,0.004614055,0.027242455,0.105047018,0.141825703,0.008964505,0.009817313,0.005382706,0.018196993,0.066483171,2246.28015
S647,17.30861764,3.565832375,18.74049036,7.468538216,1.699881515,8.719735517,2.660724735,30.42450738,3.0250294,0.544935514,5.03935192,5.121347313,0.001715841,16.71260822,7.530247572,6.525699811,15.25578373,1.075718143,22.47615896,15.78298807,9.998427393,0.008868538,0.289196541,1.896230959,3.852478025,0.995799075,27.14904384,4.893685529,0.053553895,0.316783561,0.002925476,6.025228661,0.20852116,0.005560433,23.87538903,3.798432307,11.8096233,1.574117032,99.72810724,5.880114057,1.991974127,9.177462539,59.2146503,6.578442919,0.86335015,299.1454125,0.038081743,0.202039165,15.66519088,0.013562636,0.012132012,2.71064816,9.135819189,200.3820253,2.711073091,50.12631399,50.37619809,0.704719189,0.010767436,0.045835936,0.164377272,0.597667044,0.017057855,0.00575999,0.007128632,0.014523261,23.9366388,11.55798741,90.24188761,30.39754706,63.0488711,96.19417603,0.227647347,2.938581034,335.2803527,39.29043578,66.01904914,1.642799988,1.392868085,391.2774749,2.196502837,0.205198424,109.6746048,9.212808022,1.867397504,0.002976563,33.08515381,0.00835762,6.702100898,6.159809746,206.5029398,0.009366313,0.032725587,2.78709573,0.721701905,5.41039831,115.2282652,0.010988899,0.00477907,1.58552917,1.624560351,0.00415808,0.022580259,7.49854221,71.11692229,5.503909254,3.500293462,43.78792847,1.716912242,10.74654111,44.66912743,31.17734033,6.315885967,4.068497846,13.86593675,0.01039373,0.683004808,9.296066255,0.193860801,10.78707691,100.759871,0.150632428,0.286416688,0.425543943,60.81921147,1.473911271,0.005085473,3.163954064,7.93834818,0.002456761,0.01041687,0.002267272,0.024087683,4.202570356,0.006457666,1.579117734,0.006211089,0.731783411,1.072762699,0.087822653,2.272175202,0.283767257,1.035656546,1.490383229,0.712880036,2.537407129,1.953032334,0.040455405,0.093981051,1.996090419,0.083110825,0.113167628,0.002523638,3.22882009,0.048794214,0.002845618,0.191629184,0.006893326,0.00300076,0.070183786,0.042711172,0.070044459,0.005834188,0.356639136,0.029248436,0.102204055,0.214036669,0.2090771,0.008117984,0.009661975,0.007946304,0.040935008,0.057960048,3223.46891
S652,10.08676517,1.617698991,6.881912917,6.476706826,1.033056321,3.914117177,1.327887676,15.35399316,1.540160128,0.454622065,5.288829615,1.377657451,0.041042426,4.105663725,4.537782164,4.447194217,9.820348201,0.938765817,12.68866926,8.395668034,5.019966747,0.014123834,0.142061721,0.992723636,2.093893854,0.64167823,13.86732886,3.223766335,0.017545275,0.147412474,0.000620792,1.709060695,0.002435459,0.003412895,7.186750039,1.671732351,4.451723181,0.56624306,27.64319145,2.832525408,0.9498078,3.407876647,16.72408543,2.953658274,0.565593358,71.52864486,0.066612682,0.061720203,5.979366398,0.023938456,0.009988843,1.228269785,3.293548872,53.4261443,0.777692571,11.34241433,15.53565928,0.328899847,0.035752314,0.091898889,0.171219383,0.414567882,0.001787715,0.00442238,0.005295096,0.003516352,12.55268117,5.05107602,26.30060012,13.46096086,26.28590518,34.29330908,0.038617177,1.063870249,97.04872024,11.02892667,19.55881727,0.415823723,0.351644444,92.70495924,0.663500174,0.0459978,31.37362375,2.162924214,0.52066603,0.045500818,27.35892675,0.00389314,4.26525511,3.505330671,92.76101467,0.001740702,0.016926626,1.756190949,1.21627739,2.147806161,70.88626054,0.008455243,0.00830473,1.062578063,1.092896531,0.003790632,0.003331697,7.860072142,63.37953275,4.838904883,2.099364074,32.28313452,1.095453462,6.572302479,21.38821091,11.70304051,4.847591702,2.078128782,11.3327094,0.005314762,0.22566793,4.272404408,0.081758618,7.37267489,56.79574202,0.081561063,0.122122982,0.170602404,45.84533725,0.57255617,0.035188678,3.323906793,6.799346376,0.004844486,0.003436025,0.005303897,0.133313067,3.673811958,0.004225766,1.407672191,0.002256846,1.048485389,1.257296633,0.310614055,2.918103544,0.27198901,0.973085403,1.727283374,0.797021518,2.389295461,2.466217311,0.241046703,0.271934667,2.310823653,0.290569078,0.366377676,0.050159259,3.535266301,0.186726546,0.032403188,0.187868197,0.025867257,0.001827686,0.033377492,0.032905919,0.087153784,0.010123575,0.192543469,0.062463713,0.119796386,0.187439559,0.118389538,0.021524251,0.013760458,0.019586928,0.009059879,0.101189763,1265.643294
S669,2.091338814,0.423881356,2.269699724,0.942545088,0.191981155,0.83350688,0.274839068,3.208934166,0.32823184,0.103083682,1.211134999,0.74322496,0.040688,2.258037134,0.750874391,0.585896669,1.301584682,0.136695689,3.163511203,2.268273672,1.508827863,0.023406158,0.046505018,0.266298661,0.47712739,0.115876676,3.452576098,0.507674345,0.028008281,0.102792002,0.010545207,1.410746306,0.011891549,0.005085573,4.051976756,0.648019455,2.13293526,0.131856601,14.04835652,0.547199806,0.258976534,1.198309862,6.373590741,0.684932445,0.1508794,29.54595449,0.051242757,0.077969112,6.175062629,0.016785168,0.003591583,0.486862593,3.577353297,53.57999327,0.628722128,6.574446521,15.43395348,0.201878124,0.062555403,0.043139496,0.20328846,0.003606045,0.001994079,0.002725275,0.001510731,0.001703711,9.832206938,4.506085221,21.2104978,11.69572873,23.52336942,30.06108523,0.02715412,0.782881116,85.26559995,8.340439906,16.1557212,0.022821358,0.22101947,69.64567209,0.324096577,0.029112948,28.13461893,1.423618431,0.291775437,0.015201164,15.72456231,0.00197748,3.130012769,2.59458703,77.00062353,0.001990729,0.009064728,1.292080458,0.324540191,1.543565471,51.43408908,0.002492738,0.000733573,0.651403115,0.818072271,0.001351155,0.005416202,3.351928618,30.97083282,2.497811518,1.305011629,18.94056847,0.7084142,4.331030731,16.99217642,9.011839467,2.694895386,1.528558177,6.370599349,0.003045531,0.159044488,3.380131816,0.057926611,4.616732275,41.25041007,0.067382101,0.081086744,0.108879942,28.58945093,0.450311709,0.026501295,1.116355756,3.38139671,0.01546969,0.001205974,0.001698649,0.007441038,1.711804004,0.001224568,0.513386587,0.000941523,0.354523733,0.54343451,0.126441106,1.557699954,0.157539823,0.693685476,0.8219197,0.590708097,2.058648453,1.020956439,0.074630959,0.130420731,1.346260467,0.136034769,0.218374837,0.031747984,2.392685933,0.09410732,0.01795435,0.046242769,0.016810283,0.001121767,0.042298879,0.035185817,0.07679961,0.030955781,0.175733817,0.069798768,0.110761668,0.176756064,0.107760959,0.037605977,0.007577725,0.006157083,0.006997797,0.102365737,841.7061648
S671,56.20200595,5.613597122,28.03322183,20.29533336,1.971505696,10.42942494,3.842201857,36.80148821,4.515128751,1.540250583,5.608556567,3.364329555,0.039581714,8.778027754,6.430395299,6.268853338,15.12138609,1.689055689,14.84268164,10.14870738,5.765926696,0.046458966,0.247245013,1.264849576,2.914251634,0.909116701,17.69367283,4.19132465,0.065867093,0.360722351,0.001179356,2.535282987,0.001947734,0.003985401,13.81863439,2.560379107,7.805761673,1.184898105,59.46229593,4.127015192,1.532482101,5.774120271,31.89392229,4.749982324,0.847770479,158.6370093,0.05675938,0.270783445,10.34789801,0.129156892,0.000690743,1.940168233,5.585051549,110.459975,1.53991931,22.84541136,29.63473411,0.625741624,0.094863234,0.189120755,0.708416425,0.532151513,0.008755105,0.006860884,0.00231817,0.004646091,16.60439433,9.87907915,60.67488814,20.98467962,47.81022106,55.42667214,0.089053687,2.233162266,200.7490821,27.34316853,42.61355541,0.174085747,0.895374096,241.4877275,1.711436141,0.059357337,62.80579981,5.194612288,1.273370232,0.025872823,19.75842804,0.008138707,4.514813418,3.942846749,133.0353497,0.004792595,0.033892498,1.797984677,0.119779993,3.321968494,70.15768364,0.041953764,0.001849712,0.979021019,1.189034866,0.002178659,0.001699477,4.66406352,44.87643822,3.663731513,2.389091043,29.78373036,1.068894483,7.88451131,31.80840029,22.59011929,3.986794004,2.857019412,9.096291823,0.05470076,0.349595476,6.294687812,0.12976496,7.048513145,70.92599806,0.130507451,0.222367637,0.30788258,40.793819,0.912404021,0.016389729,1.752863684,4.844622065,0.005257565,0.006093592,0.002968051,0.011193532,2.618128337,0.002421363,0.841334352,0.000532459,0.495806761,0.739972539,0.115359615,1.740861789,0.183783401,0.906671392,1.036999751,0.614551825,2.473079656,1.292969363,0.163122438,0.212773607,1.593528608,0.212455379,0.168116078,0.037922181,2.398408482,0.145220385,0.003277228,0.034331019,0.005137248,0.002722343,0.035343759,0.021696316,0.021472513,0.008110087,0.109707741,0.042973389,0.067409821,0.130403396,0.065169361,0.009421501,0.006752702,0.005364803,0.012702789,0.104541298,2109.021537
S651,11.90713144,1.71725434,8.74469938,5.542498194,0.818951532,3.780551707,1.282208519,14.07576253,1.388567979,0.458699673,2.056620346,0.977970034,0.003468264,3.412327594,2.903816909,2.910022171,7.294198908,0.844053079,8.049917649,5.589907603,3.180840336,0.014063488,0.054350644,0.704584461,1.191647466,0.353019707,9.004041983,1.99719947,0.010742324,0.007712542,0.003285321,1.132411966,0.003065599,0.035288528,6.095285449,1.149352931,3.351852336,0.04849413,22.25843914,1.855751932,0.485193817,2.463360271,11.19764451,1.769369988,0.411010433,55.32018257,0.018807526,0.007816536,5.354513943,0.008060123,0.007752999,0.765016943,2.947165546,46.42120917,0.008476967,9.16149658,12.3089733,0.021362469,0.008318039,0.007876882,0.128317967,0.133016006,0.010170763,0.030815226,0.00683749,0.019559734,9.856809702,3.081273607,22.44897094,9.582154592,18.90648819,29.25815771,0.23600215,0.937290145,64.12767659,8.551561927,13.94888142,0.060343578,0.218682007,65.88727688,0.172598032,0.01449619,34.46632917,2.037068155,0.267682968,0.006744282,14.89225881,0.009319743,2.079060579,1.955277344,77.12975125,0.010611133,0.00860986,0.745514043,0.733317831,1.527638785,35.10413159,0.00953495,0.008397666,0.552318131,0.558192781,0.010802351,0.008942232,4.496016584,36.91337001,3.006430218,1.544020704,23.96390186,0.65161113,5.011611789,25.52773462,14.76803196,3.218559555,1.596390332,8.470149538,0.047611665,0.299640404,4.705117741,0.087064878,6.504957879,45.42531278,0.010919472,0.073996797,0.13178985,40.39474198,0.64635946,0.019409971,1.4420116,4.171383053,0.007465556,0.049198206,0.004005195,0.066539947,2.094082029,0.00348817,0.741555742,0.012746885,0.136927521,0.638035645,0.08400281,1.569215478,0.102716396,0.962874754,1.007422467,0.586202092,2.109581065,0.889,0.114359237,0.06762931,1.815445284,0.035206596,0.197274587,0.0091232,2.577629228,0.010116074,0.026952341,0.032582384,0.008646325,0.008897613,0.013549985,0.016954352,0.008823285,0.005851511,0.010150818,0.006026575,0.014271641,0.007002152,0.008428218,0.019112133,0.011484904,0.010266771,0.009823987,0.010126841,953.8914919
S653,12.98985634,1.877132336,9.614173389,7.22907008,1.017241249,4.208231452,1.480438724,16.55653618,1.746733321,0.661179891,3.495940915,1.22864032,0.003651126,3.764355989,3.407846313,3.443082278,8.471646669,0.851228068,9.665283396,6.63062566,4.039490356,0.031139775,0.178288487,0.783522309,1.442393123,0.410572145,11.03116211,2.311339637,0.014095384,0.041744578,0.009699264,1.825651714,0.06335405,0.006945497,6.969261857,1.042537628,4.169619269,0.062839029,24.10781713,2.346710588,0.359267144,2.479459535,13.91226034,2.188179731,0.203773626,63.58299802,0.006498913,0.03241191,7.111627683,0.00835549,0.008037112,0.793051389,4.205567976,58.76733195,0.597557449,10.34609139,16.51501744,0.029527076,0.008622859,0.008165536,0.062597763,0.119505054,0.021086952,0.015972234,0.007088054,0.010138255,12.03218225,3.325122259,27.02839359,13.81040843,24.4751596,39.73095628,0.187808054,0.239420114,86.90671302,10.55215228,16.80017253,0.371360787,0.246535226,81.40410336,0.518884265,0.153812227,47.95303648,2.413867427,0.440239927,0.00715604,24.7049703,0.009888739,3.384438809,2.672152392,95.78446914,0.011258971,0.018271029,1.389846672,0.622471143,1.771687289,52.88379228,0.010117085,0.008910368,0.729784031,0.76149258,0.011461864,0.00948818,7.731410767,58.86358727,4.702820167,2.168990603,33.48817013,1.118766185,7.064367478,33.20277611,18.56001397,5.295464793,2.308236587,12.73050467,0.071835149,0.351729356,6.286478192,0.0042864,10.46209246,64.07552079,0.023943091,0.090533607,0.185021612,61.39008076,0.689732121,0.003527562,3.278237156,6.936020595,0.006486107,0.031294435,0.042668126,0.015255471,3.421905999,0.001948204,1.360040404,0.005220859,0.137713106,0.618553062,0.029569664,2.731615059,0.117510237,1.374693764,1.618921043,1.04353053,2.945501368,1.507778405,0.032204297,0.015870707,3.242375602,0.015933863,0.113632755,0.019268637,4.068264176,0.042731273,0.056924641,0.008601946,0.009130729,0.009396095,0.014293636,0.017884839,0.018615047,0.006172653,0.042831656,0.01271465,0.045164691,0.118183079,0.008890775,0.010080523,0.023726618,0.01060504,0.010147666,0.040499676,1260.121752
S615,120.8542594,15.68710082,82.48901653,59.58239705,6.128358954,30.77371423,11.20128266,110.5170864,12.96085461,4.179708577,3.716684045,8.374481542,0.006101649,25.05769751,11.23163709,10.61601853,30.44352416,4.764333442,24.23726231,17.50538921,10.40815628,0.003616454,0.607506209,2.594572256,4.997968434,1.521797526,36.42334336,7.092183813,0.077347449,0.372859363,0.003379305,7.537456945,0.015766485,0.003629804,47.4661841,4.754083217,22.65117653,0.176610891,272.6816635,9.072701152,2.634662987,13.41255818,145.4268898,18.83380029,0.58788084,904.7079196,0.040856771,0.142806204,104.1538832,0.161205207,0.019616359,3.758196388,46.53971438,850.4332503,7.52708106,101.7591882,173.1703708,1.250416071,0.009748581,0.02294947,0.226447349,15.99463518,0.033643188,0.240315631,0.010260155,0.047239816,1107.94004,194.2871557,676.2371346,668.7347376,1125.986305,2462.541387,6.803146078,18.80455391,2799.533694,161.2770387,458.4992084,3.009888988,3.891041762,1729.314131,6.582676028,0.142508168,1360.728116,32.599093,4.819087792,0.063868153,6554.930818,0.066776991,477.2236686,370.5112781,8019.280719,0.086025488,0.220705652,197.3530107,28.83776766,84.25457625,10442.99995,0.087238071,0.009425263,133.5480924,112.3368565,0.318152062,0.067746141,3671.741019,21866.95798,1337.689487,288.8922939,6136.894326,183.3192673,876.2785166,2976.051571,1041.644532,1355.22025,224.1902742,3276.791777,0.636086822,27.93895986,561.0504122,2.554209891,2034.783836,7474.664038,3.903482397,3.104197797,5.432622936,14852.49376,46.16613989,0.003272554,2970.154198,2401.325356,1.190596018,0.832644348,0.088009891,106.4508859,1120.427703,0.244250598,883.0202876,0.202635284,771.6217228,730.8428722,146.2983488,1027.191654,74.83423888,179.6658038,826.409421,164.822525,300.0401295,1232.209099,58.84042677,17.00507399,1005.125768,1.147941206,72.34327996,1.555623009,1033.593933,0.82782534,38.29007923,129.331977,36.73117144,0.02697902,35.91544444,26.46564783,23.92505688,3.320968649,39.56095287,10.36065526,11.67748303,12.3273719,27.59359034,2.044908661,2.876017323,0.954933868,2.068487896,0.162564202,126434.2109
S613,3.54943808,0.294533203,1.820845832,1.515425478,0.325308562,0.805824687,0.1870252,2.654545018,0.310129121,0.112105042,1.968677841,0.316489044,0.00303579,1.050956962,0.50593359,0.416733822,0.974415604,0.150115994,1.404120668,0.986649523,0.536403972,0.007266519,0.014497001,0.136333324,0.172478366,0.04274962,1.367730942,0.312558274,0.007359954,0.015715798,0.00358648,0.389752694,0.003346514,0.003856923,1.431391927,0.16098907,0.500719129,0.060075132,4.359771598,0.247612837,0.029606744,0.263129228,2.329316613,0.209472774,0.068299489,10.38829624,0.01496992,0.010469109,2.443136541,0.020124055,0.019403111,0.045963053,0.978289918,19.23844253,0.235039828,1.761173527,6.047438126,0.009028005,0.009378257,0.009722752,0.057726647,0.222365585,0.035590859,0.05176678,0.025819329,0.013062692,9.658041983,3.618304539,12.69632711,8.789496981,15.60081706,24.8159466,0.163613486,0.326730992,47.3446991,4.085988034,8.88423055,0.033620557,0.040197202,33.71928407,0.121619167,0.257235585,17.20691057,0.567395192,0.142842564,0.009324561,34.47499581,0.030969366,4.735634256,3.541440363,69.9197146,0.012234665,0.034107335,1.649226458,0.176250211,0.856842171,74.4956725,0.028730477,0.011631385,0.937882106,1.173635514,0.052825539,0.07600846,13.95482957,89.33687681,6.387396669,1.43024205,31.36885638,1.020993174,4.84935733,14.04515176,6.644973251,6.089154055,1.691774326,13.39336714,0.008181854,0.144172474,3.247152343,0.021021661,7.962109877,42.71682685,0.011502842,0.028416318,0.00759818,51.41987468,0.36283313,0.007958468,8.406791162,10.01290369,0.037824897,0.0086668,0.004317587,0.039941264,4.990787596,0.009813878,3.178604948,0.012333464,2.997400237,2.109386369,0.403238978,4.260138942,0.198971733,0.648962869,2.880722326,0.711384541,1.647811268,5.840346434,0.10557075,0.006745294,3.194127616,0.038039787,0.182536122,0.010350968,4.239405439,0.018105505,0.028412079,0.722122777,0.114530857,0.034670641,0.074855573,0.142012537,0.19622138,0.015873868,0.269456258,0.040033481,0.044280833,0.01462268,0.161682735,0.044967037,0.097724805,0.019039857,0.027566834,0.056841409,808.4047313
S614,30.54375623,3.056964565,15.68927698,20.40069829,1.800040978,12.80817086,3.621518071,51.70339639,4.569384195,1.292035241,0.419022997,3.885550143,0.015603256,18.03255777,8.397256652,9.649857039,21.46980947,2.100749676,31.05280966,19.36332101,10.98928305,0.015423367,0.453382406,2.6587707,5.218092808,1.414591774,57.54878274,6.099056674,0.04280342,0.671368598,0.005582421,0.024817792,0.142913556,0.010696918,70.59589499,2.678719743,36.61764946,0.296835698,538.7629109,8.510842062,3.376959855,17.27172789,318.2299109,25.38446166,1.655884413,1900.493778,0.048636156,0.079465723,102.602216,0.046992992,0.016979325,4.440450349,47.91615834,1630.682658,11.87287684,191.9441273,351.5683621,1.017080852,0.013965076,0.09608168,0.621497206,0.049257904,0.022369296,0.086395759,0.02113771,0.043071259,203.3243586,62.17661169,428.8675369,240.1219577,481.5115103,718.2603251,9.100151695,7.934578511,2011.65899,185.7935408,356.290472,5.473970191,4.201485655,1594.806378,6.759385531,0.107382818,778.8236972,30.37643321,8.906874016,0.012007468,673.4706584,0.048246466,89.85923527,70.35918562,1799.495332,0.030628378,0.082722752,33.03115084,2.329268257,29.00559012,1729.436907,0.020826957,0.011102593,18.86423953,22.16962854,0.025093053,0.084051874,151.8278503,1033.075561,67.03657335,23.37444366,356.1490303,11.40010365,65.76080871,216.7450964,114.6618512,75.0542465,25.68417144,142.2880171,0.066153038,2.112277601,50.81899487,0.270071779,99.02996688,643.3903304,0.714025405,0.930036061,1.141339015,680.8342694,7.493360956,0.007635834,114.6872657,116.4694744,0.062943077,0.024377347,0.006544645,2.676618976,48.91630315,0.010912079,37.72281678,0.01564107,36.15564626,19.13079434,6.068768184,27.74802748,0.961395824,6.563376926,19.34149656,5.616868664,12.37498806,50.65021075,1.837875231,0.529883781,22.94481545,0.097829802,2.312292692,0.004840068,26.35923161,0.122757778,1.615500116,6.386320859,1.697665715,0.005403946,1.570751058,0.830633505,0.846759099,0.039341736,1.589410165,0.103187584,0.095112726,0.086977916,1.132684616,0.115903982,0.218756887,0.039342191,0.00949359,0.026942285,21560.75462
S618,25.51193014,5.210551619,28.2679672,12.64627832,2.875478301,12.58217025,3.782270855,46.39506759,3.984411116,1.022943237,2.565090784,8.485349046,0.003345468,23.40385008,6.586379092,5.138980738,10.55067126,0.923908911,18.57772084,14.22900667,8.473515873,0.031305933,0.256766037,1.93316345,3.085638676,0.859486899,20.48206786,3.705188482,0.02466215,0.620651883,0.00343365,7.280045822,0.672821252,0.007385142,42.24797453,4.018132145,16.02405935,0.907379252,197.0171113,5.058785309,2.21125092,7.109946621,65.84962842,6.419186524,0.571430622,396.724877,0.008793442,0.889881963,192.0633657,0.016956379,0.042133493,3.480397325,79.07130787,1407.285825,8.187508308,76.1573366,286.3774415,2.49498611,0.011920806,0.016103757,0.077585834,20.73886261,0.046953571,13.12218068,0.039946647,0.137235679,2040.660341,404.6675084,1839.32474,1484.290055,2867.705393,5069.084352,1.460737366,41.90806296,7508.37802,418.9024306,1251.668238,6.380655924,6.589570303,3873.438378,10.2439979,1.301493241,2517.510281,56.3663352,6.033937446,0.023880675,9214.112324,0.169537642,1047.156346,803.9995243,15820.44725,0.313685485,0.573678228,438.2749039,86.75458983,181.1881908,20289.99051,0.334119855,0.013288584,249.3501924,244.776864,0.115423065,0.613799005,2614.503123,18782.33365,1237.720739,350.3902755,6319.752142,198.0103632,1053.049063,2968.492406,1177.918973,1325.215777,311.9109903,2663.665815,0.368947846,38.03756388,609.3709158,3.524829978,1725.01245,9132.242859,4.631831145,5.064114529,7.881742225,11239.83053,61.85926025,0.004279148,1660.507163,2059.628489,0.297506166,0.411948395,0.133186538,46.72107233,993.8567148,0.054953358,582.3135848,0.024906112,456.8765478,360.9080107,101.1384143,613.3436921,47.81094626,134.1553981,400.3069099,126.5773005,262.3681932,809.6587804,39.97607231,9.965629298,506.4250104,1.142038046,46.01880324,1.310276488,600.1288572,1.0374374,9.891563086,81.32445004,24.04145779,0.011027085,7.043104401,8.363872302,13.69736656,1.333351336,21.83071996,6.600231738,6.883848405,7.426663273,14.86519056,0.087839056,0.638163926,0.456928761,0.567054587,0.039816066,152797.7217
S645,25.69472413,4.299040627,20.68439218,10.14669722,1.70584099,7.482137795,2.910447538,26.91118528,3.033589649,0.895762159,1.362254561,3.450302128,0.003634026,8.795251218,4.711510954,3.399506943,7.818354427,0.888325522,13.09831627,9.93047519,6.05385512,0.004426502,0.172205512,1.081886347,1.981863895,0.5859345,15.53394462,2.879521702,0.008966841,0.076587993,0.004369509,2.587914515,0.093774515,0.014097001,27.63546945,3.499086725,14.88607595,0.16363993,130.2630213,4.092687991,1.427765902,8.105051193,59.65128177,5.929192636,0.29224001,307.5176468,0.008707115,0.065233452,32.97765343,0.061769787,0.020448235,2.456455926,15.60340307,312.5382573,3.446613568,53.55167921,77.98757429,0.644476013,0.020090857,0.016573503,0.442901455,0.957977603,0.025551842,2.606125679,0.01447238,0.056720162,137.6513708,44.30460995,259.2735028,136.9649833,285.1523273,435.0247093,0.25658579,8.006458463,961.6570956,99.86656442,190.1766464,2.739294273,2.354901019,855.2075943,4.255898523,0.159403696,348.9258603,15.92373007,3.113273704,0.02234679,466.4394791,0.037666492,56.38515132,45.59975618,1136.826391,0.026975328,0.053675928,22.67126151,3.837614108,21.14850565,991.0899218,0.073329591,0.035959029,14.51316413,13.59946271,0.025161578,0.300196727,238.9744034,1476.540146,100.0633595,26.64334377,461.3777521,15.55842972,83.98839099,246.7915737,120.1700278,94.93357524,24.23740428,206.3047175,0.121855113,2.833569615,51.77203435,0.17244641,127.0459283,694.553863,0.220337182,0.915124795,1.304191854,819.2828686,5.819869189,0.003683011,244.1513416,162.872303,0.132425001,0.047472404,0.030613069,5.651012377,85.3115014,0.024683425,70.2638388,0.032346952,144.1609866,46.49498782,22.19067191,81.89755086,5.34981381,12.2497219,54.00480966,14.50313301,25.63285456,188.8904637,3.224345292,0.951155769,53.91788163,0.153691578,5.011645718,0.020419298,67.44271738,0.086271786,9.009567323,26.75198584,5.941612757,0.007311375,12.94858476,3.844298165,5.048403103,0.093822641,8.966471409,0.473236509,0.750270513,0.68277716,5.810213985,0.116942355,2.118563977,0.198593394,0.202964595,0.20576795,13996.46871
S617,19.14306089,4.015220385,21.45821045,10.02454562,2.107098642,9.548081271,3.044692004,34.89062137,3.367927066,0.699966255,1.952259651,6.928449233,0.002772121,18.33864563,4.78373366,3.780504047,8.116963019,0.914989501,14.43764768,10.1304723,6.347451963,0.034883893,0.213651745,1.439607422,2.565196855,0.716748966,15.24749235,2.894047807,0.016225001,0.414819603,0.019306667,0.01695551,0.250712092,0.006891293,22.19879418,2.394347039,10.10548294,0.771209334,106.8739795,2.697430496,1.522237357,5.866043924,46.52849572,4.480881888,0.562249639,270.9202462,0.007059187,0.842474106,53.52768114,0.012591898,0.016571172,2.357922931,23.2609338,414.0834611,3.39008115,41.25552094,95.33718785,1.240229751,0.011537698,0.028651167,0.209021513,9.180239889,0.045102837,7.208112423,0.011392188,0.044143946,699.7457959,123.2962152,451.6350412,437.1610424,849.959007,1465.310386,0.262069262,11.80544941,1829.641435,109.0596467,324.4616289,2.317017357,2.003952643,1015.196757,3.401044609,0.742183367,617.7601419,15.62818421,2.72434435,0.007957778,4364.461811,0.163035907,421.5229329,329.3319867,4728.887596,0.024469956,0.080240581,175.3419337,8.165370407,45.64136323,8433.074912,0.032237773,0.006215938,106.2743832,98.90879,0.422577899,0.314642229,1666.633854,10888.3711,719.2362116,154.6661977,3151.372394,91.16886241,446.2651535,1080.992139,401.8399743,726.210726,120.7415436,1421.275061,1.463663377,19.61782894,224.3889069,1.393821295,823.7390024,3746.231472,1.467599322,1.561001019,2.833442026,5723.887197,19.52143351,0.007170363,1138.327052,1202.930312,1.061113667,0.269550346,0.144678637,32.0658756,587.068466,0.452934733,386.0368945,0.096401595,324.3886471,225.7215532,68.58440772,390.5406986,26.714107,66.0762398,262.0277151,70.56013462,122.0393893,544.8356045,23.34198621,5.719360278,293.2923007,0.470922447,23.55846967,0.593627826,348.3847933,0.132486749,7.718887466,56.28782987,16.31160194,0.017669782,5.790739179,5.483588165,9.78857543,2.031585657,15.92450189,4.574725715,3.936192244,4.300198855,10.4943342,0.25647052,0.405217671,0.275611394,0.447116984,0.060319109,65734.06161
S658,18.60468094,3.650741932,19.77491845,10.0767239,2.453928945,9.564598107,3.076573704,34.14951588,3.181165502,0.63944413,9.474215098,7.527972174,0.000952924,20.40028974,6.260924415,4.745848695,9.727205856,1.014860908,18.30633073,13.76522846,8.811170554,0.006361627,0.194813788,1.849433667,3.326484994,0.753440162,19.05465996,3.523011939,0.006509545,0.453893292,0.003227468,0.006802629,0.06968366,0.013824093,22.91193426,2.4416471,11.66487411,0.999787662,105.7379105,4.039012121,1.495811886,5.868612278,45.7034747,5.041730787,0.625671041,265.4658131,0.007757562,0.24808381,44.70857652,0.019508228,0.016674108,2.411387998,20.48513671,382.4449835,3.17242358,43.3463429,93.81560513,0.863727988,0.02026381,0.05671214,0.11732238,7.366533312,0.03660167,3.898119828,0.011453205,0.050961232,388.3382755,65.48602024,277.413825,220.3325211,405.5001295,749.8497131,0.492014824,7.330512358,1069.413262,75.89418572,195.4974774,1.436368005,1.528607797,699.3338816,3.077149141,0.05567266,390.9968831,11.04875387,2.391796229,0.007914788,4025.43191,0.073969748,269.8297879,205.3290955,2385.627277,0.035064372,0.054921092,130.6410046,11.25774081,24.372245,5753.773965,0.059213646,0.009587875,84.24688371,61.60466725,0.510630385,0.270506517,2055.694548,10805.54522,664.7359015,98.18174212,2392.20248,63.05272818,277.7540148,562.9070947,211.4889672,633.9885756,67.09874822,1197.817786,0.051412946,9.329197603,120.6011136,0.448794377,606.3255442,2223.675802,0.680128683,0.941109392,1.286147746,4428.426974,9.273251169,0.003396943,1733.011969,1176.75787,0.241463885,0.215264413,0.049736553,39.76713009,580.2071987,0.098567945,519.1335146,0.051946691,555.3782459,275.0324173,94.16784188,453.5462222,24.76373176,45.83265214,315.5660804,60.73165727,82.05548768,808.7886304,24.90152392,5.054378255,291.1837194,0.159231748,27.94672309,0.316349121,333.3572196,0.240777892,14.92803505,95.58823704,24.90266321,0.012676872,11.36071263,10.66177903,15.52324335,1.825821498,24.75473926,5.479233842,4.13507268,4.353805573,17.03701093,0.706431368,0.867686347,0.451843106,0.7756751,0.065969545,52941.6162
S660,60.57347763,7.723420925,37.86395754,28.53275086,3.352040223,16.81469988,5.992295091,59.46879206,6.851146739,2.103361816,8.052713113,8.247784275,0.002575517,22.85038749,12.42013785,10.37656054,23.94710535,2.892143079,30.2812459,24.33295139,15.63880804,0.057459724,0.418768429,2.917366732,5.818938037,1.816087858,36.74626531,7.170999935,0.115345786,1.817342169,0.005996463,31.66786613,0.032571022,0.007535255,296.2975241,14.24473672,99.87439688,2.155586843,1556.308046,14.28186264,5.892822196,30.23002595,346.5338693,22.8143393,1.500983595,2663.781256,0.007144643,7.402786628,1456.56872,0.761059191,0.130812924,13.84872216,579.9589363,14643.7339,80.06475413,570.0524953,2836.79222,7.089418693,0.015974539,1.107063907,0.097864999,85.90341789,0.023901404,0.294058681,0.111251041,1.010222031,11143.20015,2762.449552,14275.37973,9921.715817,21757.67584,32121.70593,13.35920617,321.8839719,66881.23113,3986.806819,12060.99805,62.63726977,59.72264258,35776.95229,65.58424781,4.893955573,22354.11591,466.3360259,54.7731023,0.01595467,34696.20218,1.587868695,4762.302718,3820.038187,97805.08138,1.00055342,6.941673142,1844.30349,252.9562948,1449.168414,93694.93275,0.705675861,0.038495115,1024.381095,1014.892666,3.635067497,0.967798068,8699.329584,74855.74887,4926.063496,1840.092573,31680.47962,1001.571884,5834.759852,19486.81205,8803.814038,5406.767913,1898.592494,11218.3459,18.14303206,203.846645,3907.23572,32.36303237,8303.166875,55411.95168,41.07697853,43.76056064,72.70233825,51616.2314,467.3179216,0.06403887,4820.187572,7529.372462,21.03127061,98.46753178,0.654426478,152.6784817,3622.99412,0.406741365,1759.336024,0.186599291,1359.854252,1203.875398,322.9736519,2287.402481,186.8260656,660.832267,1442.925489,554.6313655,1417.241423,2482.139119,132.3557361,38.04793682,1922.042575,7.031165752,169.4610481,5.357396584,2395.538422,6.459496826,29.22519126,247.8169792,71.87960595,0.02138977,25.70245323,27.13604556,44.56756805,9.757955219,78.3827427,25.66544505,26.39015878,30.32324236,51.2215655,1.416502927,2.397107509,1.086425689,2.046779772,0.258191745,831332.2193
S661,68.65695488,7.966556425,33.33472815,14.69325658,2.771211281,12.82967045,4.987232154,43.21807386,5.266103069,1.27242696,1.542296814,2.995907686,0.003139126,7.383360811,8.254647603,6.035243604,13.04723646,1.196130254,11.53908008,9.493118298,5.669359538,0.019178417,0.32344755,1.219843849,2.360264287,1.213888129,12.99116075,4.838067708,0.009698886,0.224404657,0.003226972,2.730667277,0.210001235,0.006832716,18.66776826,2.818122363,11.53591508,0.775132367,106.2224298,6.269628247,2.060616669,6.891562697,53.53944486,7.172555393,0.73081168,296.412342,0.018779429,0.121830491,17.55986184,0.023251992,0.014372162,2.10131054,8.393235514,182.0248569,1.831096221,34.99421281,41.6689535,0.52996678,0.044391634,0.018049998,0.233356814,0.983324316,0.019093452,0.009677112,0.008677768,0.025056768,73.18832305,25.817497,154.7635087,65.72523391,155.418322,204.7257351,0.584173624,4.278225953,512.8150477,64.20637284,107.9946097,1.432220871,1.79769702,540.8214689,3.182929342,0.073001699,192.9460694,9.494773195,2.530362399,0.010774979,205.4839006,0.023038724,25.61236962,19.61101286,544.7048954,0.016031235,0.036152762,10.35467655,1.754949165,11.49065288,447.6991794,0.014532585,0.011325623,6.557720249,5.451721992,0.017474604,0.034747398,83.55230353,592.0595178,42.08034115,12.15056573,210.8737501,6.349139707,39.69713948,119.8761785,64.80973539,42.38471755,12.51324332,82.22426555,0.007740419,1.569580755,25.30613181,0.266508168,53.31110102,328.1495691,0.309486613,0.526536052,0.752552501,339.4930709,3.390534633,0.003516161,54.33119605,62.61354541,0.048562423,0.020418693,0.013297993,1.572186548,32.51259707,0.015065418,19.69228227,0.014413496,18.25198265,14.20140217,4.23806159,25.42617424,1.760484316,5.278927008,16.06447961,5.067344783,10.01305512,34.9011481,1.281426495,0.442725928,18.58474776,0.088504018,1.784246202,0.030600821,22.25402824,0.031041745,0.311772956,3.48087786,1.084163738,0.004727214,0.324466824,0.420326187,0.802371479,0.08775771,1.285503019,0.269322133,0.303056759,0.364031627,0.6605113,0.032881351,0.14077863,0.057337555,0.047746693,0.046315226,6914.621951
S632,2.209398441,0.347318853,1.118949078,1.352206747,0.385456633,0.872516763,0.399087376,3.166573454,0.364053345,0.124814967,1.962273977,0.60112146,0.003661026,1.561440189,0.643873558,0.596629756,1.365770123,0.123006802,2.101945091,1.391225974,0.902878308,0.004830767,0.039571615,0.207076909,0.380871344,0.090146693,2.297493147,0.528274185,0.004933733,0.010853343,0.004741072,0.685389603,0.018051477,0.005175016,1.59245518,0.044819327,0.800543183,0.021577085,10.25028964,0.146136577,0.021086967,0.294605146,5.719900019,0.686751365,0.050777344,28.27944904,0.010582525,0.014251578,2.038447984,0.014015965,0.013445926,0.038217359,0.989400445,27.18523457,0.028790603,3.641933445,6.44717816,0.012671886,0.012965398,0.013164844,0.011820244,0.029410092,0.032782389,0.044184018,0.011950915,0.017517495,5.524579579,0.863368097,9.308004396,4.371269281,11.10048593,14.6473017,0.027218632,0.05816205,34.59709722,4.261823387,6.115610939,0.065637848,0.024878223,29.42140755,0.018233624,0.024897206,12.15116461,0.613593602,0.179374285,0.036467841,19.86250435,0.039536284,1.705760796,1.924921266,36.19301319,0.01589907,0.042683181,0.92133221,0.155371462,0.443008182,38.09486078,0.017846638,0.014731426,0.189315374,0.482766137,0.035975301,0.02090222,6.914891164,36.57343135,2.748566139,0.776102689,12.77411183,0.279701414,2.070267386,5.71920764,3.062536977,2.658237398,0.701484907,5.299534079,0.008797683,0.185469896,1.518826463,0.012782564,2.760324418,17.82072528,0.006789327,0.004116492,0.004691801,20.2170542,0.171521578,0.003666306,4.788605829,4.17556809,0.004875752,0.009366241,0.022643554,0.00493207,2.088407991,0.004720947,1.491411733,0.008675735,2.338363515,1.375716236,0.340943365,1.84896129,0.053414958,0.140906756,1.448695957,0.256303132,0.718497688,3.338303215,0.021218315,0.052285081,1.405573803,0.006103186,0.022070954,0.006896623,1.705471031,0.047139245,0.052733955,0.228332895,0.036722636,0.015072835,0.123011237,0.060970562,0.081684536,0.054062699,0.058881866,0.022343479,0.020139402,0.010123912,0.07857442,0.039822716,0.044726091,0.026536025,0.025317887,0.019099862,498.9760397
S622,5.689024239,1.057582992,4.355088361,2.816521912,0.757023609,2.26687862,0.65477564,8.008962815,0.765710155,0.185531138,3.132601532,1.154343701,0.00692786,3.382970794,2.439438535,1.718546383,3.948662179,0.505712266,4.585733384,3.636806967,2.557263808,0.017752014,0.054624929,0.353524256,0.928290111,0.370387507,6.368107543,1.338350259,0.013843607,0.202552977,0.004486952,2.136397313,0.004137606,0,11.67603241,1.294319806,6.775653142,0.06065931,78.12773019,1.625813689,0.525186112,3.161768405,34.25102481,3.696509562,0.909565633,230.2771868,0.010058652,0.01816313,14.62926011,0.020945226,0.018448589,0.807819852,7.072006584,194.9702177,1.696167908,28.17485868,40.91851435,0.237241578,0.014061866,0.020794142,0.065823488,1.687981479,0.017627098,0.014209293,0.011534873,0.022532602,38.56164263,20.754346,112.8377698,46.21246512,100.580213,133.5127557,0.081641094,2.521650329,397.7557265,45.9969885,78.63042164,1.180751327,1.084262527,382.054176,2.113086308,0.245005853,145.3010945,7.083524481,1.963384962,0.013221903,64.12422263,0.017869286,13.98140536,11.22337537,330.1789126,0.020979925,0.036906458,4.938626057,2.073852305,6.833186091,220.8668284,0.015193696,0.014968913,2.757963498,3.386303987,0.014119545,0.016848042,12.32250493,122.6109134,10.20178576,5.421988397,71.72314708,3.210364277,18.28774913,67.2155472,42.70672055,12.28507084,7.702043767,23.42727036,0.107074718,0.677720128,14.20092634,0.25783306,19.47309869,158.4051771,0.187357507,0.392281031,0.436062748,111.7403217,2.186105672,0.004859257,4.796058293,14.19564684,0.027463997,0.022160211,0.021883082,0.061218947,6.989334655,0.023848434,2.225273827,0.012822982,0.594965071,1.329731767,0.074411,3.185698623,0.362720264,1.439977279,1.808853968,1.25254513,3.191940143,2.224075926,0.064846877,0.00783992,3.052896589,0.01104672,0.028973863,0.006077056,3.978105418,0.010627693,0.041603241,0.043585764,0.03991328,0.006591007,0.066717286,0.055880782,0.031587896,0.02073451,0.074079467,0.042148971,0.057334687,0.028933764,0.014920825,0.012216057,0.062557412,0.087308509,0.035417773,0.017490191,3664.137959
S623,13.94097829,2.803647521,14.58558754,11.87257512,1.83342923,8.731102665,2.370427507,30.44322573,2.921785873,0.847512058,2.845579242,4.919469506,0.003659373,15.96691268,42.94714575,27.2561161,81.9032908,8.691200373,89.08542259,80.6540847,50.64120545,0.179326759,1.157917947,9.737196684,18.64870785,5.808119799,206.6829184,22.51214412,0.279710574,4.542028991,0.02492687,91.63706117,0.126200414,0.019881673,1110.445276,43.38915604,538.2461864,41.03999533,9376.464369,113.9767525,49.58048611,252.1981714,4088.757206,369.5107466,16.95182726,30918.85844,0.307502297,0.623536052,1672.181353,0.11263924,0.02274809,64.75336354,752.2170951,27227.90378,199.4187702,2991.435677,4883.888962,9.074349141,0.061740271,4.384013788,5.492377846,108.325588,0.046396638,0.690093011,0.12493757,0.245909942,6107.203604,2368.764939,16662.59356,6944.958158,16046.67295,21295.45089,36.43461053,359.5232239,63995.67328,7401.16571,12651.93081,175.8387555,149.7759052,59938.16722,258.7363178,13.51838753,22640.35408,972.0754469,239.0819298,0.408976456,12796.45619,0.340576456,2061.124882,1705.857773,54634.09315,0.236626807,2.689855159,796.2902895,3.98541465,1230.527385,38083.94299,4.295209618,0.118595362,426.0080412,483.4931649,0.142972871,0.487568436,2756.554725,23156.36206,1646.392602,775.1604372,11444.2494,377.2382183,2507.44818,9450.923287,6011.85482,1847.223967,947.387275,3814.612455,8.690979046,109.5378166,1917.949282,25.35075229,2887.65045,23686.61652,26.17685255,43.85362447,65.66389567,17781.92263,274.8053982,0.036316894,1363.857817,2450.924348,9.955601281,1.678470448,0.153596979,46.82753486,1192.420675,1.561659061,520.4268286,0.107650223,342.1726006,336.136833,82.11244219,618.0000898,52.11141874,227.1582862,386.5311586,152.9950323,497.1934282,633.5591922,39.84317923,12.20471026,544.0265149,3.130602929,56.04671068,2.092095212,674.4295742,2.711539349,6.971705926,62.77856645,18.95799347,0.014964587,5.049287763,6.369218504,10.45540798,2.760325372,16.8025267,6.552771385,7.066440535,8.20500755,12.23112008,0.178223374,0.331921222,0.285393367,0.575510951,0.016109828,558165.4034
S633,1.435816166,0.26899619,1.090802467,0.649621639,0.262001634,0.577830249,0.211469177,1.948989596,0.225651491,0.024828366,0.712710399,0.407414328,0.006953312,1.37660902,0.354616747,0.394553803,0.96224655,0.079278008,1.357394469,0.905240818,0.528901731,0.008696548,0.017840165,0.118381857,0.225331908,0.048095028,1.510354033,0.269847642,0,0.004961443,0.004396233,0.578259184,0.004053951,0.004804829,1.459107352,0.270962181,0.844714539,0.213862948,9.407456015,0.212567395,0.03515314,0.24949388,5.632940024,0.340089327,0.013747107,29.02720068,0.008546311,0.011574198,2.511624072,0.011418284,0.010806851,0.147341762,1.064455618,30.96283086,0.011690085,3.767145226,7.898222145,0.010179465,0.010782009,0.010955945,0.098537654,0.011620925,0.013406674,0.022907543,0.009627117,0.013889346,6.020390985,2.837608514,11.19349324,6.61948901,12.61760246,16.5644686,0.177927015,0.049440412,43.1815222,4.064749313,7.896886275,0.14914214,0.10432389,32.47440985,0.150110223,0.121553878,16.70034322,0.507993767,0.039192404,0.010577139,20.06280044,0.081870855,2.188620186,2.19970603,44.34161595,0.025947238,0.012000119,0.838756785,0.692327497,0.633403418,42.64273152,0.014725664,0.012679092,0.613582951,0.449035817,0.013817463,0.01698221,7.071233418,42.85942334,3.087842498,0.711818037,15.26812862,0.446157347,2.449968652,8.032224962,3.605326093,3.160718247,0.634886955,6.409040605,0.016713914,0.014125868,1.762583721,0.004272738,3.817795793,20.95189382,0.006676676,0.004058095,0.013859322,24.36614897,0.056215076,0.003590278,4.949119993,4.684601232,0.00473945,0.00911495,0.008730932,0.071224309,2.260711578,0.009149104,1.767120511,0.012417778,1.732326371,0.910979271,0.443335536,1.841622789,0.018956684,0.330434609,1.101945352,0.081367654,0.628042324,2.917121973,0.064392193,0.038924745,1.153369235,0.010969264,0.028770709,0.006034447,1.627555304,0.005276587,0.027541022,0.057706875,0.052844561,0.013089586,0.015977645,0.017843316,0.030259034,0.009931118,0.03548152,0.010093955,0.009153781,0.009238853,0.085758761,0.011702142,0.021636538,0.012941624,0.024499671,0.017560799,559.1499522
S667,76.43080169,9.262204304,49.36120702,52.15209673,2.963494824,18.37877893,6.998016122,63.69066425,8.322104902,3.40569587,2.020984762,2.473114396,0.00516069,7.302872936,6.143426701,7.435884161,17.1068635,3.66690482,5.960207485,3.984731477,1.943357374,0.012189332,0.320901186,0.925915878,1.198246185,1.099009596,6.473501164,3.719224212,0.01267419,0.046360661,0.016431699,0.058052675,0.030304708,0.080815025,1.697791828,0.214546347,0.764388884,0.049389518,10.68414617,0.409086032,0.308494168,0.935447252,7.04523114,2.349377749,0.888932137,42.73207715,0.031578969,0.010691782,0.736108136,0.010547756,0.009982939,0.009722033,0.031719409,9.790226018,0.010798836,3.041119489,2.476039511,0.018806771,0.009959993,0.010120666,0.009102515,0.010734948,0.012384551,0.031741615,0.017786296,0.012830426,0.732910603,0.630788886,5.16265085,0.91868426,2.703478853,3.877794229,0.087015401,0.072536662,13.29706035,2.551870458,2.624440044,0.164110784,0.081631542,22.44778434,0.205552392,0.257599581,4.139499136,0.272476996,0.115002527,0.010345524,2.264896514,0.096093675,0.07215823,0.227977461,9.165777216,0.025379051,0.011737342,0.026044122,0.135433408,0.516277725,5.126724992,0.11522564,0.012401448,0.019359574,0.029280194,0.027029782,0.08305169,0.697769605,4.897138487,0.509745749,0.098561932,1.870013326,0.055114958,0.44869755,1.512834275,1.63652174,0.20742742,0.030302196,0.745026333,0.008775028,0.04449762,0.417464674,0.00448649,0.534145335,3.982612844,0.014021377,0.004261109,0.009701774,2.978951469,0.014756834,0.003769889,0.048871866,0.624769087,0.009953101,0.009570942,0.022919279,0.009971658,0.204103086,0.009606805,0.005301496,0.008692668,0.051455691,0.021039155,0.010848335,0.081503583,0.038964774,0.018523537,0.113250426,0.023892607,0.096517243,0.098991193,0.018907974,0.01600168,0.088100651,0.011273462,0.019712382,0.049614343,0.034847715,0.005422917,0.077838155,0.007413399,0.040732527,0.03363146,0.015876957,0.053192619,0.015034176,0.009868535,0.017628962,0.010030346,0.009096098,0.009180632,0.05681222,0.058141992,0.066701051,0.013298799,0.037763752,0.03914114,548.7318005
S627,13.36141636,2.891441665,13.87771106,13.20786101,1.765445263,7.740953491,2.098479862,27.68628669,2.744861489,0.870030888,3.656247466,4.215168068,0.023191573,13.35634831,39.02880266,27.13214544,79.08310085,8.572074449,78.27015618,69.42815178,41.49164832,0.064016226,1.023966212,8.478872936,16.25184723,5.134628957,182.8304914,21.32059278,0.234059242,3.75299741,0.015070305,65.94675115,0.065989695,0.011818891,704.9214539,27.51846916,343.1916868,31.56912847,5961.930908,92.23489332,33.58018262,171.661934,2868.793387,268.9719966,8.041960012,20134.88283,0.382703377,0.410026575,1060.242157,0.865862358,0.1160584,45.76683706,466.8682762,15764.24116,135.3448382,1967.141102,2916.068327,7.352892232,0.095370743,3.00054329,11.39682497,85.15679792,0.040527613,0.401561336,0.060001883,0.322349763,3117.289434,1034.68404,7644.931905,3848.992113,8716.838494,12142.98834,10.66908409,204.6101245,35314.60743,3677.028397,6707.091789,108.7490403,86.25043612,32968.20211,144.6375227,5.137597863,12619.42127,572.975687,142.7935048,0.319584718,7165.705367,0.088742447,1223.578007,999.8698434,28173.60523,0.399339547,5.722444887,460.9550051,201.1321785,604.0481244,22178.52087,0.784868206,0.028565265,228.7876654,272.2388884,0.595541191,0.402744689,1373.546332,11482.00877,804.2652968,392.0147221,5528.754987,180.8142113,1228.015734,4454.826555,2727.852263,945.9272227,487.3087315,1884.089869,5.289117374,52.86769545,962.0504205,13.0160084,1453.474649,11748.48043,13.24103701,22.74779045,31.45952261,9139.462399,143.0122027,0.006973767,692.9399935,1263.68438,0.948906233,3.369464539,0.16833518,23.11191893,553.5848097,0.212701162,262.5047432,0.021656098,150.389957,150.3386409,33.57062472,260.4288935,21.28522909,99.70515425,166.2342216,63.36205863,198.5789934,272.2336129,17.58199368,4.991384861,239.1711553,1.310186362,21.3330487,0.983071043,277.3528385,1.247675546,2.994076337,28.16363786,8.167975168,0.007533159,2.242110874,2.70002207,4.195173108,0.86417625,6.041504183,2.915071564,2.597916405,2.872116851,4.495095531,0.04929686,0.061648078,0.011940504,0.149373902,0.017718589,304376.612
S628,10.47733825,2.391976279,11.92470313,10.79524458,1.746566853,6.586433188,1.88353551,22.89653346,2.285158332,0.712513278,3.865521186,3.347922193,0.00291459,10.64473074,28.11098785,19.51977198,57.83544377,6.931087015,55.29368627,48.68798746,31.26289446,0.095241469,1.044507676,6.336515507,12.13481777,3.870760833,131.8493625,15.70144202,0.085887013,4.74401701,0.00652434,65.63595662,0.089583077,0.007366507,610.5963902,20.13983657,286.801711,15.12387035,4973.014674,73.61390806,27.1757276,131.9370685,2333.888542,209.6757721,6.981870821,16525.54816,0.218354091,3.167750307,1047.103437,0.501089167,0.015259095,38.32768272,452.4357325,14520.56864,115.9909934,1673.250771,2764.105604,7.460905364,0.031194578,2.691570542,0.677246611,159.0062305,0.026864672,0.265025802,0.084286543,-0.057949003,3197.662629,1380.611826,7511.57284,3859.447787,8652.494236,12319.65643,3.721900438,195.1563014,35637.18151,3368.079032,6672.507744,81.87476195,73.85253278,29568.51658,121.9728787,3.477647255,11958.22582,471.4693684,119.9529299,0.166719717,7451.917836,0.412148056,1280.704228,1047.11142,29834.85444,0.260657543,5.963207085,483.8805541,66.83364323,641.3577625,22917.88161,0.192603094,0.026754275,250.2812196,287.728635,8.737378683,0.230376841,1534.011566,12656.04993,880.1897064,425.4048903,6012.639216,199.1038578,1329.891741,4731.539296,2787.860198,1029.208224,513.5391017,2087.488,2.017643617,54.14102818,1014.378971,11.97400317,1600.336055,12482.74772,12.76748016,22.26141825,30.252851,9926.456006,146.5774855,0.019862457,770.8398291,1392.045636,0.710583115,0.822044587,0.451405756,25.37218184,626.297955,1.686963663,290.9098519,0.032680557,190.2772869,184.8169635,43.31346161,321.7557841,26.76515943,121.0799169,205.3008229,79.92268056,249.5177843,342.1532554,21.83529324,6.507809634,294.734687,1.831045769,26.91726596,1.310342757,349.6178974,1.444963457,4.338855306,34.67562731,10.12882368,0.00974879,2.40318657,2.622159855,4.723539622,1.317376756,8.413803331,2.835522994,2.527703568,3.261290085,5.81520566,0.142174999,0.033428899,0.087409567,0.037383948,0.088770898,301207.7389
S629,5.356559787,1.045743653,6.059692527,2.328771733,0.555621048,2.419489516,0.767111576,8.639164406,0.878492498,0.268356197,1.282573091,1.414679528,0.003106582,4.234303016,2.259700835,1.638725338,3.322128942,0.265524079,5.207581077,3.894154178,2.262279872,0.007538913,0.035068233,0.422377758,0.959713365,0.251705761,6.102696918,1.27560434,0.027394616,0.215354631,0.003886204,2.422151271,0.150186488,0.008584904,13.00005889,0.658084091,6.114839748,0.408262929,82.6390304,1.847951254,0.694218141,3.201161753,37.79898228,4.073555635,0.400041692,232.3800858,0.018618758,0.215707388,20.06689426,0.015938388,0.012205415,0.930206161,8.881526279,226.4265685,2.230975476,28.93163604,44.87127129,0.190201017,0.010473019,0.012587599,0.328427359,2.227710942,0.013073474,0.071172472,0.028744558,0.026497105,53.88270002,21.95592091,125.407763,64.81832447,143.2364034,206.3575256,0.239296686,3.502351147,524.7088635,54.01988598,103.6401723,0.260814365,1.440779939,480.8704962,1.954597023,0.283941469,180.6024922,8.561554045,1.809916507,0.014518373,106.5007427,0.032750588,21.91104882,17.96371226,481.8611578,0.03663869,0.13354771,7.799198255,0.686906333,10.42831233,342.8185732,0.025781845,0.0422158,4.228704062,5.242588857,0.041216364,0.016606642,20.2283058,190.942603,14.58477831,8.013305878,97.00284202,4.198786364,25.37470094,86.45328918,50.32208947,17.31570696,9.135676405,34.5656513,0.132330065,0.694731048,17.93520219,0.221710842,27.32351496,215.2164554,0.169350908,0.40387259,0.553368765,162.9216111,2.546997318,0.006447451,8.413598807,21.02267925,0.038396681,0.020571646,0.005298821,0.207141382,10.06891622,0.012810966,3.838189724,0.007573508,2.236845524,2.746552544,0.584938206,4.808196323,0.532652285,2.291265144,2.652385405,1.593352012,4.668428034,4.405663595,0.077184302,0.014260385,4.908579392,0.005224437,0.545919777,0.016931307,6.204661724,0.033907277,0.030389252,0.136063856,0.047537938,0.024226352,0.130791252,0.099751922,0.082819116,0.027936008,0.116474144,0.028341288,0.017227115,0.051049455,0.119026747,0.053120237,0.12744619,0.031737628,0.010180332,0.03024953,4831.440572
S630,1.38596801,0.24606696,0.709048886,0.698639557,0.270039845,0.569505669,0.171104921,2.13845197,0.210916178,0.046004449,0.731376807,0.392856488,0.003328519,1.103911111,0.146399625,0.298175021,0.735901256,0.104898182,1.126907485,0.797764936,0.607797889,0.004029504,0.004165282,0.137963496,0.224541501,0.065229216,1.436526231,0.2399307,0.004183503,0.004698197,0.004154306,0.424543926,0.007645125,0.004588581,1.612954677,0.100601147,0.966507693,0.0159007,11.1611455,0.390248637,0.029523706,0.580722607,5.614720445,0.780747332,0.03384596,34.52856354,0.007544447,0.010361082,2.81241556,0.010283985,0.009891433,0.130333958,1.338319143,30.07066105,0.266599317,3.864544815,7.398649898,0.018429158,0.019289714,0.009660189,0.076249605,0.021120344,0.037838998,0.011265454,0.00871818,0.026445335,6.937363316,3.462771423,11.90961574,7.208923529,14.67727885,18.34459777,0.106590588,0.09800779,46.85178327,5.058035839,9.402041782,0.089660332,0.083003634,45.35375369,0.073073936,0.103771319,17.36985405,0.656841445,0.15025878,0.009890644,20.79568295,0.031754747,2.910545347,2.018820363,48.03452087,0.01285824,0.012010223,1.021155437,0.237568211,0.718956851,46.81925384,0.015355853,0.012188937,0.325286492,0.405157492,0.015073803,0.016485062,6.846821864,40.86124522,2.973078269,0.786489034,14.8052451,0.578444115,2.556466405,7.831150881,4.109616497,3.060644549,0.903437335,5.639899477,0.015842346,0.160667119,1.693521063,0.008082636,3.612390303,21.38624142,0.031343985,0.00383136,0.004395483,23.20451517,0.11157496,0.013856347,4.680012067,4.81397877,0.013505505,0.017314549,0.008438443,0.017963832,2.734465316,0.039754582,1.496481784,0.004580508,1.971433459,0.648239688,0.191964645,1.815263249,0.077691327,0.285241796,1.182930293,0.257358284,0.532338436,3.228923672,0.103197497,0.007799939,1.202739102,0.011430351,0.088111281,0.006173895,1.61646801,0.005298889,0.03324375,0.177195832,0.039002423,0.01325098,0.032264294,0.092277543,0.15322701,0.01033711,0.03694175,0.010487073,0.009561777,0.018889734,0.26425946,0.023587177,0.06063258,0.035231443,0.011301026,0.033579533,597.68433
S818,1.54860304,0.310176263,1.169530297,0.838328161,0.208705364,0.636898274,0.215415986,2.230273732,0.256778208,0.071644474,2.376926984,0.392784375,0.011906018,0.967748355,0.867444521,0.683818364,1.702099495,0.166499639,2.413731503,1.940648276,1.226173554,0.010891636,0.057760967,0.273043428,0.594278612,0.121502714,2.986819355,0.507523223,0.027892263,0.449024983,0.002618616,2.86572659,0.002138702,0.0034438,30.56898501,1.589075019,11.44517517,0.834775238,176.535496,0.973747523,0.939428722,4.328361359,59.04592975,4.353839317,3.335981648,424.8340746,0.009567694,1.411404172,112.7691037,0.208564855,0.000619434,1.847582204,45.75786563,1071.837253,6.377703624,64.2627728,229.4329754,1.461484458,0.079632466,0.329413011,0.140860417,44.21737767,0.012938594,0.051397735,0.009752583,0.020212301,848.0367383,80.63214819,945.773037,757.5653597,1481.434504,2096.041808,0.666737395,25.34169157,4176.495039,302.1555314,791.7906105,4.1228706,5.787226455,2446.212887,6.820231404,0.059944487,1133.696314,42.26087625,6.59090602,0.010542567,3031.479549,0.032906556,377.4318461,319.2012155,3884.276302,0.064086099,3.239958799,153.5616359,100.0596769,105.9920527,6850.326689,0.048019741,0.002686446,100.3888888,97.85689799,6.364488596,0.033268995,1294.153667,10762.94717,663.298817,226.8361503,3952.598114,121.3112814,587.26549,1992.372239,836.7273031,697.2962549,217.1041269,1481.023244,2.903314181,84.04115168,422.8926042,3.938515312,937.6802563,5688.824296,3.903898044,4.820038362,6.98585135,5752.179565,28.35791264,0.017160198,668.7598174,1037.037103,0.039122432,158.1057379,0.035824762,22.85369369,530.7750397,0.015853899,254.153382,0.00905378,173.3773883,174.2551007,41.8804368,326.2663518,23.31259606,89.83748506,207.7215087,73.86867726,170.0440816,335.498485,19.63987319,5.591976678,263.7577467,0.973401679,35.40218098,0.790836741,329.8297325,0.735383146,3.150793714,30.74437129,9.532385547,0.001775039,2.453962215,2.775907812,4.977623818,1.418430951,8.590998395,3.50130206,3.641686628,4.132559926,5.959977999,0.173288546,0.284517992,0.142630883,0.262698343,0.069938515,73304.87847
S819,0.980376466,0.215896358,0.777317444,0.494382608,0.1347341,0.542437492,0.174395148,1.762887798,0.195360316,0.047411875,0.530308688,0.463449252,0.002101066,1.128426694,0.726405959,0.475504386,1.13919359,0.111039373,2.437403543,2.174483563,1.433554208,0.005903678,0.044048168,0.265121641,0.607253002,0.103244485,2.95751751,0.390377721,0.00837302,0.602275181,0.001771152,3.696620669,0.001808188,0.008873446,35.71629191,1.922550433,13.45948977,0.901629867,190.3593025,1.059514839,1.058158274,5.172946473,61.92226719,4.312704913,1.472464341,430.2148657,0.010128174,2.267482937,131.0015289,0.261787649,17.99902963,2.726743908,53.12487135,1188.776233,7.504527836,71.31922874,258.987268,2.504678564,0.008809011,0.428445858,0.512698362,52.06035556,0.024838492,0.069188154,0.002892028,0.037132979,1039.513249,25.45761902,1095.53675,904.1696171,1723.228664,2450.874465,0.734615812,30.50700834,4714.353412,349.8609117,896.1220965,3.658758846,6.70324009,2754.165021,7.785466682,0.761610169,1301.310424,50.43839775,7.305484888,0.010336849,4024.031012,0.101745729,470.3052526,399.3346252,4583.658265,0.030032037,3.758855567,192.414131,316.1030016,122.2938718,8507.045071,0.022299926,0.001613527,131.0428822,124.6379492,8.783733976,0.034833329,1812.694766,13262.73513,823.0129822,251.8035517,4581.824719,134.5198944,690.2107785,2115.735807,870.5138929,836.8503516,234.4684007,1783.736698,1.090707789,64.58553721,446.323195,3.941461629,1058.225199,6240.799098,3.936302087,4.812634528,7.104866151,6643.377354,34.65460705,0.02294824,1158.551808,1288.734225,0.071118249,205.6471169,0.078412693,34.73306831,670.8833985,0.048706646,392.3524972,0.014737388,368.9249265,261.1122256,74.5675732,472.2099894,28.91261086,102.5874517,308.4981098,90.69139425,193.4498524,626.3057176,26.74252073,6.768445163,345.9919725,1.074630153,47.0265355,0.93740597,426.1051348,0.806774882,8.655425382,65.065713,18.13620842,0.002807652,6.925609198,6.713830065,11.02347306,2.021101961,18.11677423,5.518439655,5.138676809,5.787008289,13.00926902,0.406442752,0.662225425,0.266930106,0.539252028,0.115818596,88016.85089
S820,1.991278562,0.287402484,1.074909497,0.721900597,0.133698382,0.562728229,0.188705605,1.78335609,0.215781517,0.063858776,0.564471442,0.404049089,0.004178021,1.004381494,0.606244447,0.456305614,1.060962231,0.104339443,2.044449673,1.860813279,1.142273453,0.007741713,0.04317709,0.229179443,0.525298758,0.098939089,2.489642792,0.367949053,0.003472378,0.377420257,0.001221012,2.215039245,0.00249309,0.005687133,20.27078341,1.17290927,7.99300204,0.506721445,107.3743268,0.751779682,0.669173304,3.230832628,36.8665037,2.699944158,0.024445894,252.3300791,0.008625091,1.23280783,61.0821636,0.178526114,0.012695172,1.656455634,25.64558808,606.5012912,4.011278141,40.27035515,130.8184605,1.397693356,0.049301332,0.279661767,0.322623935,19.43798317,0.010558927,0.039900548,0.000576721,0.031101116,396.7650985,27.94151526,516.3372779,383.1882231,766.015128,1060.496834,0.698733135,14.25463167,2252.230839,171.5021706,429.4864275,0.434109216,3.426647954,1381.026613,4.183479405,0.150142292,604.3794302,22.90744471,3.879568756,0.01594998,1228.748023,0.036474336,167.143744,142.1940492,1917.220467,0.029793022,0.12612117,65.51311661,184.2113672,53.79606964,3011.281199,0.051090872,0.000883302,41.30736344,43.02934672,2.436678905,0.020133324,520.8598645,4149.915454,249.1578616,92.46323827,1581.166319,46.70942443,268.6578224,888.0541158,400.8436795,255.1233746,94.38727018,552.4359069,1.840137555,20.00875619,185.0283195,1.915475078,364.3604613,2469.47096,1.841056272,2.544197052,3.350989691,2201.415347,13.1908803,0.019903484,308.6522049,374.078897,0.009716344,54.90227392,0.059676987,8.986330787,196.1234057,0.007057897,103.5898403,0.002486755,101.1758997,72.20033432,20.12097895,133.8490967,7.930193083,33.94690047,86.38761249,25.92032833,65.15523577,167.1239729,7.373525756,2.041432384,96.23309579,0.439710732,13.53921554,0.28083313,120.8982551,0.352570647,2.298867965,17.41574169,4.800424399,0.000676917,1.825606349,1.821186369,2.919929105,0.561691438,4.759693351,1.521524764,1.419096398,1.586560685,3.366517789,0.110383685,0.171392301,0.084959939,0.130233336,0.089114323,32657.01318
S821,35.9984101,5.33909336,26.30170534,14.18771219,1.913470336,10.36514479,3.796019561,35.198324,3.802805024,1.096306563,3.594864834,3.975373757,0.023180036,9.522629975,5.808338449,5.143632173,12.25770926,1.262515233,11.42378357,8.020405934,4.613928794,0.008119781,0.25309892,1.107014431,2.335887897,0.816017683,14.66158973,3.33606938,0.045524404,0.338887063,0.003251625,2.496200507,0.001787489,0.002741208,25.94852576,1.814102538,13.90482865,1.361073153,219.8771415,3.044679277,2.16564959,8.49393295,112.0976455,12.95029403,0.062928612,769.1866211,0.042311542,0.00895096,20.0267513,0.096109831,0.005890045,2.361449558,9.886376284,432.7226142,3.88711403,65.76432551,73.953889,0.516978567,0.002721814,0.206417798,1.502746473,0.949578341,0.001564435,0.018189923,0.003653444,0.002521003,44.74049527,5.5658278,256.9955069,69.32953099,197.83503,252.8450543,0.130584532,6.299588706,1064.918826,118.7706117,232.7753969,4.503186112,3.662672321,1231.564357,7.312190401,0.266002328,244.5422718,20.03065256,5.97395549,0.025752786,63.93623687,0.004127904,19.08015053,18.04083993,339.7550965,0.003189657,0.046880791,7.136993613,72.71608059,17.05752627,311.631753,0.002427002,0.002131898,3.295280762,4.813742511,0.001244163,0.00345176,19.25159293,253.6806752,16.12079903,10.27520355,122.0116046,6.320751697,32.92590086,178.9644783,124.8277293,19.53587617,14.0207127,49.40413807,0.273838616,2.026866401,37.21695675,0.72511094,42.35128713,360.2463027,0.621260318,1.218700169,1.644170942,234.9545594,4.332978479,0.012729944,12.3633441,24.07050669,0.00231142,3.42380172,0.001944627,0.509311544,12.18792998,0.001948098,5.322621857,0.000325456,4.195186081,2.939342324,0.954680798,6.157063076,0.65745481,3.147744595,3.375189671,2.151276651,7.020633712,7.628474627,0.406497011,0.163664839,6.264731199,0.089193457,0.902763088,0.031990027,8.129622013,0.069225986,0.13297352,0.758361084,0.206314789,0.00059291,0.182470618,0.109792229,0.181586193,0.013138197,0.236524438,0.071953798,0.095049829,0.101692565,0.198582542,0.000862581,0.001977361,0.000800485,0.000379892,0.044938767,8285.004762
S822,66.59030126,9.035855585,43.060505,25.47449416,3.469425263,18.11119677,6.627053309,61.04213586,6.600353944,1.995199272,6.530832932,6.948610507,0.005262337,16.00567091,9.209861711,8.240772312,19.15689815,2.130129108,17.37480644,11.906437,6.699621857,0.058897958,0.403655738,1.62012034,3.546604877,1.30712918,20.71481947,5.238111974,0.097815873,0.435623218,0.002032033,2.911240962,0.002224118,0.002805689,24.67527721,2.274362319,13.57053735,1.699908981,196.5873397,3.880748778,2.630392871,9.492459222,100.8818931,13.99161481,0.725200744,679.7586908,0.060990845,0.0452835,15.87316274,0.118638438,0.005554422,2.456860246,8.377157259,331.2238864,3.049836962,57.89897174,57.76634393,0.652205864,0.081760823,0.208920482,1.202594041,0.888132103,0.002185425,0.017690888,0.004325389,0.005101145,34.79828636,31.38191316,209.6208784,52.4897357,150.1784048,197.5271998,0.066279599,5.304079745,816.8911697,95.92444278,181.7980016,2.455943678,3.219661451,1013.864986,6.736143854,0.1485094,180.0707701,17.43135641,4.893923428,0.013134674,0.018934325,0.003459793,14.52199893,13.78096907,266.868252,0.003193178,0.365706284,5.480057237,23.94176238,13.85150652,234.9685341,0.011189944,0.000711945,2.464499128,3.168184742,0.0010205,0.00466444,13.00337465,200.6460934,13.15851871,8.672640681,100.6464807,5.314000705,28.75115154,152.3506176,107.1902957,15.65942191,11.3540568,41.95623135,0.074224422,1.236306628,31.28613311,0.620113268,35.47822008,303.1637652,0.534334075,1.079371309,1.408335308,193.8165491,4.227038188,0.026127566,7.551595222,19.18415997,0.001045249,1.944514537,0.003126243,0.393747674,9.841410494,0.002520417,3.879298292,0.000700802,2.012192382,2.141388803,0.701917255,4.801727701,0.595543304,2.783433281,2.538170014,1.94586236,6.432690237,5.149162786,0.351042542,0.16812272,5.341481116,0.109700128,0.797978981,0.04039881,7.131351792,0.087130095,0.052586892,0.413438023,0.160557117,0.000691163,0.070045776,0.035951156,0.100583969,0.026007942,0.147457627,0.052098395,0.087182716,0.129330717,0.132905247,0.001006225,0.000772826,0.00093858,0.000890854,0.061306804,6855.992566
S814,29.87388623,5.575763444,27.45233604,17.27351383,2.213958005,11.99299186,4.181321927,41.466978,4.898524683,1.275396191,7.409192804,4.322301226,0.045871864,10.19383222,4.622119617,5.278938984,11.80962916,1.336459941,9.83441142,6.406151469,3.267023836,0.041184,0.265492542,1.019038147,2.114153482,0.759018389,11.04557502,3.042952506,0.064235344,0.147932795,0.00051673,1.483733169,0.001361889,0.001157275,4.709466038,0.718149876,3.20808664,0.638536673,33.56108934,1.093596824,0.606725607,2.987843149,22.60114564,3.382806795,0.118824988,129.1969433,0.022340953,0.022189382,3.046293541,0.034223324,0.001250654,0.806610358,1.67680426,51.14453435,0.608725107,10.46795469,11.09124848,0.149970381,0.009596155,0.038152279,0.169290036,0.07796373,0.001119502,0.001896957,0.040517212,0.000759644,5.964695612,0.251735132,20.74213788,8.586573392,20.48362366,24.26615867,0.012513218,0.700121907,94.06514701,11.09304023,20.91087874,0.549586252,0.496523626,105.1238747,0.789822272,0.091496951,24.11317904,2.297498303,0.804414197,0.006234109,17.87577096,0.00310728,2.936503581,2.597696299,35.86729002,0.001827789,0.015481623,1.110959732,2.944219407,1.813680228,49.81627683,0.001738776,0.00080815,0.737201005,0.812131341,0.001407706,0.004863552,7.303677825,61.35492761,3.581456791,1.271904843,17.95192873,0.812259121,4.003017588,15.03716291,7.199530081,4.095106139,1.583739358,8.152425666,0.002004532,0.180474532,3.079272348,0.058992139,5.702074325,36.03371995,0.062375294,0.101499808,0.118558328,34.60271041,0.39251313,0.001551001,5.434405085,5.829473115,0.001552495,0.988205483,0.001354893,0.17370757,3.063310108,0.000930676,1.926311688,0.002015905,2.361851046,1.265750965,0.46697449,2.300716405,0.187058071,0.484152333,1.460473403,0.472112508,0.956066486,3.478363437,0.146644034,0.07509261,1.803073342,0.044641228,0.261513311,0.015429941,2.114915806,0.030890286,0.077163996,0.385109238,0.13342966,0.001737863,0.124394386,0.11572805,0.116832191,0.005365495,0.157291077,0.028279653,0.017916685,0.030522477,0.127257246,0.024821023,0.000709335,0.000430491,0.000412964,0.070709033,1220.289809
S816,78.01899277,6.684135603,32.31963272,20.87919823,1.976744021,11.48665182,4.288093421,38.99194728,5.015570297,1.651935186,4.006596202,3.50952666,0.018268945,8.007118271,4.253341481,5.014595382,11.57886173,1.486280602,7.824636856,5.104363773,2.594415434,0.044650268,0.257957079,0.860059718,1.756190514,0.717375758,8.959104499,2.756740807,0.048830881,0.109767703,0.001843358,1.11146398,0.001110478,0.001474435,4.851004185,0.576061379,3.091037494,0.582392188,35.00476448,1.022006856,0.62116822,2.671702272,22.58111111,3.423674395,0.21938053,135.1087845,0.023886964,0.116368907,3.66152581,0.033957392,1.16651531,0.633111003,1.927624127,56.46215803,0.6989568,10.93360652,11.99753639,0.192829139,0.001823755,0.047965152,0.240191023,0.227883072,0.001017181,0.003049382,0.000474746,0.001046822,11.84918153,4.88832581,32.35135109,15.08041356,33.81322664,44.29450807,0.015101589,0.922120793,143.3106365,15.65145311,30.84186858,0.581391373,0.58490311,148.502525,0.977133178,0.040517417,36.08312867,3.168826966,0.961238321,0.007750029,42.87325596,0.004343622,6.182724206,5.222233577,69.05839058,0.002584609,0.023681927,2.621285558,4.261812932,2.927338463,107.5959501,0.003262763,0.000898916,1.662776058,1.753603372,0.00098762,0.001824686,16.95262665,144.4492389,8.301500663,2.696863279,40.66037372,1.742339795,8.914367656,28.76163802,12.9118239,9.306746015,3.085546164,18.30163682,0.003105245,0.235341503,6.071224379,0.090550638,12.23451187,73.93805535,0.082694169,0.140423462,0.179694891,78.03683227,0.698491684,0.00033735,13.38348423,13.58662096,0.000910687,1.677449718,0.000923653,0.418272019,6.922653103,0.001652098,4.600169249,0.000888476,4.761831995,2.813331242,0.970045003,4.892126414,0.392096475,1.054269741,3.081252529,1.085632957,1.964268661,7.633159597,0.363310498,0.146553092,4.023901573,0.062654043,0.531690331,0.016212982,4.691010922,0.044525213,0.176194158,0.875684147,0.256007841,0.000268537,0.162774395,0.14843096,0.196558713,0.029354512,0.269370198,0.092215454,0.074287223,0.081649123,0.213301677,0.001250534,0.001956114,0.007518641,0.004555278,0.045014131,1887.137901
S817,27.17898102,5.10620101,26.27883978,15.2476216,1.963002502,10.66940428,3.752407088,36.72835716,4.34514554,1.149735513,4.756460374,3.937342186,0.016047845,9.248046243,4.219380516,4.777196586,10.72960011,1.209862344,9.152164311,5.963249554,3.065925713,0.03660787,0.260735711,0.955738057,2.031630748,0.721107791,10.185759,2.779925529,0.062159637,0.184878544,0.001614451,1.395155725,0.001418346,0.002711817,4.896537886,0.53629416,2.980890622,0.573756128,32.16234823,1.00345611,0.550606912,2.888637834,21.8870778,3.156158997,0.045221251,125.7929358,0.022271242,0.12886977,3.116112876,0.01801865,0.954784523,0.72407284,1.69741458,50.74191609,0.641633694,10.12349419,11.03249578,0.213829319,0.004249583,0.053537075,0.157777178,0.212945747,0.001152132,0.001458835,0.215033419,0.003569603,8.246254672,7.948431695,22.21764736,10.41436689,24.84190534,28.55028271,0.010506464,0.677162276,103.5172607,11.57493443,22.71526133,0.404488244,0.4888335,108.8907467,0.774180196,0.086509921,26.54845242,2.516181539,0.850418519,0.009174591,29.86636863,0.033746256,4.256634483,3.617772982,45.71093766,0.001530009,0.0798992,1.966453223,1.418074825,2.09830041,76.69751742,0.002107007,0.0010735,1.043734068,1.255849299,0.003175731,0.00490419,10.76635375,95.31021298,5.632830047,1.895519865,26.95883536,1.193114911,5.858112139,19.95754877,8.476038966,6.516927307,2.160226824,12.61610966,0.003238756,0.326503329,4.088754622,0.06261279,8.585471747,50.42152774,0.062453791,0.11711167,0.132813827,53.59502398,0.491809008,0.006867629,7.980451395,9.209787769,0.000839132,1.544080935,0.002327325,0.202474086,4.680158765,0.002451902,2.902263367,0.001393865,2.703909159,1.773661411,0.596742035,3.145963396,0.278805513,0.740388114,1.967687474,0.720807888,1.390355986,4.484571548,0.232452898,0.135073829,2.677428226,0.076459673,0.388114846,0.018026716,3.061278438,0.059565828,0.083132484,0.491525051,0.166955409,0.000285963,0.089846313,0.068664659,0.110227875,0.00612211,0.14686362,0.04957462,0.060239304,0.048998461,0.133436004,0.000892545,0.001400259,0.000849808,0.000815208,0.051061048,1401.718483
S778,49.07388413,5.164116428,25.93916694,14.27619146,1.44555922,8.264415188,3.027533036,30.60897954,3.260376117,1.115316892,3.001197408,3.766676498,0.009069867,10.40413336,6.717148303,6.078445423,13.38990832,1.635478138,14.22917828,10.00203554,5.948956734,0.035590656,0.311098546,1.378881348,2.611092849,0.97455252,14.63584612,3.86823966,0.059009682,0.368089973,0.000938952,3.386030545,0.002309716,0.001752412,14.007014,2.20588128,8.32908675,1.005784471,79.42863403,2.223666441,1.532551497,5.466032849,39.26513509,5.44702341,0.103422328,224.4084109,0.033782937,0.301232139,11.65209787,0.071293687,4.166263554,1.798047739,6.123091551,156.1487267,1.688312495,27.06431526,34.06512508,0.500805927,0.007075017,0.099679689,0.754545808,0.709212191,0.001008389,0.01051865,0.002210877,0.004188427,36.14739799,10.90480246,120.2513884,43.51132682,108.4635273,145.9087358,0.053890266,3.404677924,433.9022238,48.73858384,88.33251828,3.080106867,1.3352092,460.487487,2.569641485,0.131029721,102.0835833,8.122783268,1.879004519,0.015704715,79.80581627,0.004561064,14.45726392,12.60031657,222.7659777,0.003578724,0.02010567,5.625713171,5.066315556,8.232687099,249.3220942,0.006349781,0.00091222,3.368369026,3.475420708,0.002161445,0.002553261,34.29227455,357.7114086,21.10326442,8.579770311,134.0481922,4.927775123,29.75807122,107.634689,60.10828724,22.17015209,9.64537501,53.13833203,0.012792114,1.24411478,21.29143577,0.332925057,36.08968341,262.0425954,0.261274616,0.486910536,0.673543403,219.8433121,2.215282297,0.006274706,23.93978787,32.43604079,0.003470264,5.709961778,0.003931222,0.865538003,17.08289127,0.005149299,9.284840216,0.001278427,7.949765008,5.831776867,2.099078249,11.70960201,0.971039482,3.346990958,6.812684875,2.896250476,6.73422705,16.0870749,0.698098812,0.258247129,9.633441697,0.084299538,1.382086493,0.023439556,12.14979631,0.0575954,0.237294433,1.523538848,0.468606894,0.001042098,0.248678796,0.163194557,0.330801478,0.053556232,0.527149184,0.155878163,0.169292092,0.198857699,0.379397399,0.029279962,0.00161469,0.009309482,0.016450827,0.086326011,4667.975585
S813,29.85592281,6.194846214,32.62265738,15.76703908,2.560043538,14.18028784,4.845931156,51.7132677,5.360489024,1.210095589,7.121059495,7.233669712,0.003399128,19.09101121,11.92434415,8.939342865,24.06797192,2.654041605,27.09752037,22.13498808,13.72886477,0.067232292,0.472312644,3.613676847,6.045885923,1.643237153,42.9733197,6.885757372,0.125605761,4.03759879,0.00413332,33.16812159,0.006784929,0.009779346,393.5260133,19.12335515,171.2219324,15.04914493,2865.087401,19.10345128,16.58035418,72.00348934,1126.883177,105.8011197,10.75444602,8155.521817,0.170993347,3.697914469,913.9032233,0.985476921,122.9227424,24.0268501,406.2383437,10700.53861,80.79224064,961.5734956,2072.167266,9.803305465,0.492857753,2.807870892,9.972460318,288.2250712,0.07075467,0.207721032,0.044205357,0.01658011,5008.957857,5397.428891,8934.198966,5345.368407,10772.70696,14721.65478,1.453072137,243.1514034,33051.3101,3133.014388,7560.582053,82.34741014,77.880651,27932.95202,118.1783054,8.715141269,8626.668873,514.4757291,103.5441404,0.217060784,14556.49481,0.249242828,2250.79812,1915.954577,22135.42648,0.351444138,0.116560146,919.2200886,476.107826,931.8700016,35502.77658,0.445341183,0.025702943,506.8614327,564.7202116,31.50516421,0.084849527,5173.8249,39744.78159,2866.003888,1126.09529,16470.96534,592.4491823,3749.459416,11315.38926,5262.896662,3097.988977,1195.635669,6390.178429,9.200587987,126.018435,2391.42849,27.07668695,4006.180225,25769.64492,26.58068141,37.77811183,50.04078066,23246.97341,196.6789075,0.169278555,3051.63137,4435.23002,0.060168869,730.0804005,0.157434719,99.72186446,2197.763815,0.020353883,1123.101851,0.006521294,791.4733291,669.626117,170.0250721,1209.339899,90.14031231,316.5792344,774.0331303,277.9058564,668.1475903,1363.494097,75.1688442,20.62919309,1002.293912,3.88277622,131.2053249,2.915870259,1187.367375,3.217883626,16.40099352,132.6450029,39.59497528,0.003155157,12.76702379,14.13009023,23.04870239,5.214134469,36.82981138,13.09200343,13.16153163,14.75005548,25.7820334,0.694492436,1.310194242,0.629315522,1.21064952,0.185473428,414024.5969
S812,31.29889763,4.187793498,20.02208763,10.69991336,1.38741135,7.501610029,2.837467902,25.38817931,2.868354879,0.816256171,4.900598934,2.89195144,0.022617332,6.685157226,4.162314733,3.861307737,8.947193137,0.958987174,8.871185842,6.363411233,3.718493759,0.023856752,0.189857,0.881166284,1.849676883,0.630675434,10.87485872,2.530533263,0.057454864,0.23750364,0.002397359,2.295813949,0.001847537,0.004294661,16.07567853,1.1036897,8.650919666,1.055714665,125.4270517,1.987451713,1.461375727,5.629271602,61.57215806,7.332025562,0.9166059,410.3106558,0.028976538,0.193181289,12.12295606,0.048114814,5.996023318,1.518746558,5.937139322,246.2014769,2.259615121,37.57918328,42.2893176,0.431183615,0.0455746,0.138844992,0.793882693,0.732190043,0.002156081,0.009771494,0.001153973,0.004864106,30.4232057,11.51685712,153.8578764,43.7318895,119.5310158,166.1632562,0.216669112,3.924814864,624.7591062,68.35576405,135.1251504,4.019610917,2.129492572,694.3616766,3.882399484,0.108681837,136.994657,11.74041578,3.246462574,0.009594954,42.96521632,0.003612871,13.18107302,11.71262688,219.7837143,0.008151418,0.20983181,4.775445287,7.945652134,11.24999805,193.528076,0.01155712,0.000871176,2.270657577,2.997862572,0.000778864,0.00165618,12.61710496,173.3798032,11.11871605,7.018317568,86.62477435,4.121504064,22.54571208,112.6778056,72.44125984,13.27141597,9.151948891,32.84422387,0.088680703,0.844512777,23.21309405,0.38337156,27.22526691,233.2955605,0.366881539,0.688247742,0.938594994,155.62175,3.008392673,0.015389883,7.026675873,16.84243557,0.002039029,2.045717972,0.003381413,0.335151269,8.463436599,0.076944584,3.308813739,0.000262928,2.009205028,2.006667084,0.62294783,4.217503302,0.574815109,2.217327147,2.357297032,1.565689026,4.730301318,4.465026259,0.285129087,0.129439824,4.450800845,0.064434237,0.601665975,0.021864519,5.781260996,0.065243295,0.051221235,0.395170962,0.122183081,0.000329624,0.066672747,0.029315668,0.10744719,0.005070322,0.182541925,0.060314512,0.065374956,0.091849538,0.154893831,0.000918341,0.002107397,0.002568303,0.014812617,0.076180861,4979.776236
S786,7.537624408,1.474999716,8.080743475,3.82312421,0.523962076,3.077379628,0.995458562,11.81461236,1.137465157,0.275342804,4.53129364,1.527186955,0.011243996,4.575126782,2.516453653,2.432545294,5.952201195,0.461122569,8.3410892,5.389648211,3.2945405,0.001306439,0.113171648,0.597316689,1.301963538,0.36025368,9.685198815,1.793939754,0.038291735,0.027334688,0.002268747,1.826717474,0.001998197,0.003215684,5.958588147,0.926735643,3.587978262,0.519831636,26.71288172,0.875520275,0.527110593,2.918570525,15.95868659,1.908605459,2.317123263,72.93172062,0.011698296,0.080016921,5.140364762,0.038088855,0.751504613,0.85273526,3.541146507,63.15869421,0.901205222,11.09213238,17.68636377,0.204248715,0.050463079,0.069315118,0.319533638,0.188929378,0.001171487,0.0041432,0.002552907,0.000838627,3.547761458,1.828354976,13.54589464,6.05672963,13.03620009,14.89056247,0.056525213,0.581318815,61.58526108,7.653958132,13.23626401,0.367298138,0.303189112,63.72444431,0.468558817,0.028694801,17.40704156,1.693565193,0.484682436,0.008123514,5.220439076,0.005708445,1.39922785,1.06391721,19.642942,0.001736529,0.038561916,0.571206547,0.380715704,1.164893036,19.99647321,0.00233995,0.001302617,0.262739475,0.395558143,0.001318107,0.001099766,0.682023112,8.183058555,0.575348303,0.444081986,4.447765488,0.15454812,1.298675258,6.782164997,4.134577194,0.780615605,0.710758247,1.560211704,0.001380196,0.082927327,1.484736153,0.029417719,1.294693049,13.36800149,0.035778443,0.059578582,0.081667181,7.693673753,0.246816151,0.007233777,0.245976101,0.88499787,0.001494233,0.168575445,0.000732989,0.000513284,0.39977375,0.000714476,0.088579123,0.000690699,0.06649416,0.087162964,0.002751922,0.191348105,0.037791465,0.124490462,0.107501702,0.091197543,0.306727415,0.165854271,0.01826961,0.072491542,0.203177181,0.079414787,0.011556013,0.014998332,0.293580992,0.047397854,0.000653448,0.000723178,0.000352959,0.001091231,0.000715492,0.010959718,0.004963453,0.001940683,0.00079698,0.00151657,0.007975912,0.001866673,0.007166453,0.001054494,0.000806196,0.000491258,0.00047222,0.07277641,661.3895591
S787,11.67367555,1.213148724,5.60148936,5.269362887,0.479582822,2.118100771,0.754949466,7.463236211,0.96320416,0.359960248,3.364591449,0.485763703,0.005279955,1.51879705,2.067068634,2.158650778,5.295485112,0.664721841,4.423845794,3.028543732,1.926608914,0.024399664,0.099677356,0.383679876,0.840027264,0.331262321,4.918792112,1.323809412,0.438517602,0.026950016,0.000885828,1.142350949,0.000910225,0.001627577,2.070005206,0.511346951,1.324678995,0.277158731,8.363087054,0.619288851,0.350714287,1.203989412,5.187560807,1.198076698,1.101140541,22.66061341,0.01383165,0.044700137,0.900151149,0.001901614,0.208670881,0.374431406,0.564391442,10.87157774,0.175445459,3.178546637,3.000836586,0.07227259,0.038963541,0.001821134,0.025682008,0.047173665,0.000706597,0.001699917,0.002502204,0.000723937,0.763575634,1.780661237,3.874569071,1.229662585,2.609177151,3.228225096,0.032892249,0.162401539,13.15805003,2.175041039,3.090830331,0.173879854,0.093831481,18.66233841,0.190481228,0.035100935,3.269083043,0.470533487,0.116596969,0.000511758,1.083020563,0.001622934,0.261224988,0.245883378,4.066211909,0.000653874,0.00121387,0.135194088,0.610150818,0.243902394,3.565061098,0.000730521,0.00178483,0.005118517,0.085239732,0.000583121,0.00077497,0.257486619,2.464231769,0.171978564,0.137147336,1.475996746,0.054376978,0.435209554,2.049109709,1.454501188,0.203094663,0.176154138,0.478656279,0.000909691,0.013460476,0.431419421,0.000476786,0.361387742,3.89828597,0.000376304,0.017217706,0.025631963,2.098708781,0.042778754,0.003065019,0.105791077,0.248820379,0.000492427,0.028274755,0.000724674,0.00025373,0.12546522,0.000470915,0.046440872,0.00022762,0.01468048,0.048210766,0.010126087,0.104293694,0.014975589,0.063483953,0.05487959,0.043096011,0.193808064,0.118333987,0.007469513,0.001183771,0.100952919,0.039358812,0.016912152,0.000899813,0.181689723,0.009382662,0.004808907,0.003991548,0.001298765,0.000669222,0.001337579,0.00146348,0.000662783,0.001360507,0.000744958,0.000472526,0.000877095,0.015703493,0.001826912,0.000492833,0.001492166,0.001818513,0.003496076,0.055217381,218.1185595
S788,8.502988316,0.725836459,3.07214899,2.78453433,0.268432164,0.888306851,0.335582923,2.835455729,0.405224665,0.227827516,2.112617309,0.190004244,0.027981298,0.516350669,0.86048151,0.764938165,1.65177764,0.235064487,1.846623987,1.635156002,1.232440611,0.361284825,0.081137435,0.251354158,0.617967057,0.173574084,1.916329369,0.42428117,1.159999745,0.015642716,0.011550827,2.845449971,0.376722928,0.01895819,0.558419135,0.095817435,0.377240627,0.066905837,1.622752272,0.192619718,0.099109786,0.347872982,1.041399017,0.356041857,0.605409784,3.905234792,0.009509112,0.009781361,0.12345693,0.016232795,0.026520288,0.151466142,0.047769385,1.210221073,0.055932506,0.591044751,0.352981016,0.019177138,0.019009315,0.006396678,0.008204553,0.030190036,0.023840696,0.020399975,0.014594868,0.00083833,0.162871618,0.398641729,0.62410332,0.183132896,0.436177748,0.444050557,0.004655885,0.022758201,1.64743078,0.334610552,0.493167915,0.067789062,0.030345357,2.902628862,0.050316755,0.001289335,0.379823881,0.033800275,0.03814597,0.009303818,0.274612898,0.031725587,0.046025276,0.049109899,0.610116937,0.019477875,0.020274627,0.112845882,0.545287681,0.070312497,0.693899703,0.019801911,0.011499369,0.003891546,0.056789959,0.021594034,0.01942059,0.010491447,0.681519071,0.034818889,0.028063058,0.322808851,0.009608418,0.0829987,0.326326854,0.232073322,0.069803762,0.030445785,0.1301889,0.011451066,0.008609166,0.072383216,0.011052272,0.084514336,0.627472876,0.012186135,0.014921882,0.012632371,0.401897435,0.012638618,0.007913167,0.002001075,0.086752497,0.003639506,0.033696964,0.008926435,0.006686543,0.049291206,0.012358005,0.013311686,0.015271519,0.031981789,0.00996483,0.023837135,0.021375098,0.017067203,0.013831291,0.015083128,0.012043579,0.038121974,0.033535445,0.016464264,0.011330417,0.032054564,0.013239159,0.012628098,0.007338332,0.04849872,0.008755702,0.015171686,0.004708337,0.0101481,0.021719723,0.05270927,0.051922941,0.015492209,0.010661941,0.008251244,0.009358404,0.007611413,0.001624796,0.029803417,0.011582705,0.033649682,0.007212308,0.020501195,0.080340692,66.48052314
S789,4.89114487,0.860186435,4.53726918,2.446872001,0.307621629,1.83447943,0.585291726,6.697454893,0.668132245,0.18292533,3.035203811,0.719443329,0.008865616,1.908774293,1.564052982,1.551083315,3.895485468,0.353378627,3.858725607,2.436602887,1.345632745,0.018520293,0.066819545,0.277926604,0.711202128,0.241943426,4.933278519,1.091183356,0.024939085,0.042220654,0.019763025,0.544400327,0.011852574,0.003425522,3.417505391,0.314560133,1.971673302,0.364876286,16.64008611,0.639488418,0.420235141,1.86266027,10.35774484,1.519663194,0.909942765,53.02207507,0.017997816,0.045235625,1.57196446,0.017744151,0.572732657,0.570311485,1.046612321,26.12265973,0.445449371,6.269137181,5.843341702,0.082627694,0.013605416,0.010682592,0.043002517,0.051762497,0.002471244,0.003956331,0.00058497,0.000840018,1.631971084,6.741136092,9.853283079,2.715317471,7.363244949,7.729447561,0.044744009,0.377862202,40.12477674,5.633145625,9.575158064,0.30973751,0.244815918,50.94057584,0.427554413,0.121971722,9.872517406,1.318977399,0.405540787,0.013770983,1.676508833,0.015244467,0.596978571,0.522602362,9.858026216,0.00381494,0.0281024,0.305772155,5.532946252,0.73013215,7.904454377,0.021238882,0.000690696,0.084146732,0.175176067,0.002882265,0.005249132,0.020920435,4.431693962,0.358694627,0.318567782,2.780304343,0.19093339,0.872874961,5.361492101,3.365772193,0.471873689,0.469071785,0.975424981,0.020147611,0.150137683,1.105710156,0.040731384,0.946375837,9.278593809,0.033810701,0.05503316,0.070097588,4.642747232,0.096453223,0.011003541,0.001173599,0.493096622,0.002134514,0.005253387,0.010208666,0.012044767,0.241127142,0.001035396,0.054840088,0.004949648,0.0165078,0.020100924,0.006481907,0.060666211,0.008903725,0.106798285,0.06264071,0.081724803,0.253780485,0.041705605,0.024420216,0.022458346,0.071316227,0.071673816,0.009552461,0.012717564,0.126604796,0.046102716,0.006577809,0.003047356,0.008278555,0.009664575,0.053536275,0.045079259,0.00746522,0.007192725,0.009233205,0.003748544,0.00398208,0.001487584,0.010914625,0.043534521,0.002541535,0.023773009,0.012731611,0.064398893,407.0145215
S763,5.533762504,1.224730169,6.154077911,3.962077408,0.771879923,3.715444462,1.007808945,15.08247089,1.203172538,0.258882188,7.395946793,2.853700606,0.01506162,11.08795315,6.115962565,5.176263766,12.83085859,0.853172549,34.48904343,22.73260703,15.71399867,0.020812391,0.231045869,2.318820223,4.827154339,0.859720597,52.30309723,4.336589464,0.369321276,1.31425048,0.005492847,20.17331941,0.007794289,0.008699506,71.76909524,3.259387645,40.78019317,2.701124546,482.6698005,3.209436083,2.386581611,17.96360425,256.8438001,11.08728743,5.067923931,1330.554837,0.039390953,2.516805384,198.7729212,0.305486613,9.340210514,5.658506768,106.3549677,2867.252186,17.79939827,208.2529924,697.3530902,2.027578887,0.154951566,0.559919849,1.634764866,11.61343471,0.021422238,0.067310611,0.016974814,0.045972245,280.1642206,525.0265916,365.6692878,369.7199662,668.2659854,827.398808,1.466878303,10.86995384,2318.66078,170.5163039,351.7231862,6.896052599,2.993266385,1243.980354,3.812138208,1.847441916,680.4859103,23.03701016,5.487251262,0.020204106,1560.631182,0.034285344,154.4479367,118.4568295,1348.873452,0.062750239,1.264766081,71.03700859,1058.433366,48.76214469,3935.529044,0.066460784,0.007314879,38.67235952,46.17181539,0.967371575,0.049680273,190.6626995,1519.504625,66.55990106,23.61342856,338.0298109,10.4941137,50.21450325,210.4066266,97.74409849,89.46955459,30.02704215,148.278872,0.545481607,8.716250579,52.22898319,0.54497613,104.6323237,606.4258456,0.572985524,0.85376625,1.018046477,838.2723462,4.161858833,0.016146538,162.3888636,149.6893563,0.014139394,1.397003998,0.07609384,3.472329603,46.84643689,0.381183737,53.24256545,0.000714943,14.12765057,9.222094742,2.261963437,12.5493021,1.142026369,4.313063079,8.525478961,3.091641693,9.082276435,22.24528161,1.022480029,0.309107095,14.0264062,0.110536457,1.612623076,0.049970527,14.70104322,0.077378819,0.510659035,2.531991082,0.733872517,0.002164034,0.16464757,0.162017156,0.239472565,0.028178296,0.191679585,0.12732119,0.189277922,0.310988801,0.27319199,0.049799457,0.018809856,0.023722581,0.045626784,0.113105923,27779.23553
S765,7.278195648,1.649198087,9.8784254,4.042285569,0.717025666,4.309429561,1.245258003,17.50866394,1.447256964,0.284085858,5.20408995,3.24303595,0.016849766,11.45770264,5.470331222,4.555670428,11.01545724,0.674771375,28.71112197,18.79385677,12.42553833,0.013765078,0.19311009,1.981737661,3.943758866,0.75359195,40.09800412,3.860712547,0.072612847,0.807809304,0.003773498,13.21878886,0.006836049,0.008466599,47.58950079,2.486313223,26.46662502,1.822255461,303.529664,2.600341596,1.927361866,12.94794894,164.2102254,8.204461503,3.793926993,861.9307967,0.028583329,1.442188576,112.1742667,0.210069484,7.019701012,4.191811553,59.41451882,1655.568476,10.91860743,126.9371389,403.8188618,1.329848846,0.125987981,0.366306216,1.392470926,6.015687852,0.02109632,0.025269209,0.023228968,0.033054474,144.5160957,215.1850143,219.13499,190.3075359,347.181968,445.7150976,0.882103331,6.739194154,1303.404979,101.7009854,206.613431,4.484384339,1.962545292,767.8191636,2.648750092,1.254657108,374.7037255,14.54477146,3.640525982,0.012847257,689.273089,0.01441769,75.36753748,59.5232547,720.2098972,0.043717857,0.649676448,33.50911143,472.2090115,24.62886056,1853.243329,0.047418715,0.003125407,19.23101622,22.04522833,0.361305245,0.021014465,105.0853173,886.5962666,40.9154693,15.82000205,221.7091747,7.339999461,35.44372157,147.3874378,69.12221659,54.65810293,19.89523297,94.31826662,0.384512243,5.882012578,35.19963297,0.420843067,67.39912051,416.8033529,0.436404037,0.583206811,0.753782396,509.698224,2.925047097,0.011871089,81.71773642,85.58624199,0.006717039,1.144056649,0.044409878,2.066725508,29.95973597,0.250526989,27.92766788,0.000735885,8.974966466,6.144727906,1.46823304,8.816983707,0.810309101,3.137154719,5.849290072,2.057807559,6.289715175,13.99500219,0.705830712,0.218272405,9.350615657,0.081609299,1.101765098,0.032837521,10.06520366,0.056532418,0.29827831,1.473177778,0.449992098,0.005591986,0.117979572,0.166721602,0.139814909,0.016751375,0.161659247,0.048033809,0.14469474,0.211536453,0.219389112,0.004541627,0.032103392,0.032447573,0.040263214,0.10146229,15416.60666
S766,7.140776457,1.547367226,8.805901176,3.841336081,0.617492412,3.836698887,1.148280802,15.33909845,1.322514539,0.288898763,4.332473399,2.824661803,0.0120378,9.513874656,4.828736737,3.7966378,9.440464016,0.64762503,22.4229667,15.03472143,9.980740829,0.02593364,0.175064636,1.567414832,3.208547332,0.63720259,30.50947951,3.271361735,0.058131889,0.674118706,0.00375215,10.15501619,0.007870642,0.004209349,39.01966196,2.260538398,21.5646592,1.832753599,243.4706049,2.353387692,1.839391005,10.68078635,126.7280199,7.26084769,5.78318833,677.3010176,0.010613293,1.270421368,83.04139053,0.193932878,6.540622538,3.396556651,44.14535995,1220.353101,8.365605087,99.93416858,297.3929148,1.20435487,0.088369443,0.285001733,0.98788064,4.565501796,0.018140246,0.027604965,0.030687419,0.015115756,111.699029,238.1101758,196.9267961,146.5932458,277.1103676,354.5220419,0.871366827,5.823023473,1053.876517,89.67750602,172.2021665,4.223289673,1.917640203,699.1852466,2.774830793,1.087470449,288.8514528,12.90339798,3.107714485,0.021318215,501.7028206,0.014385749,56.08949775,44.01310158,563.9440834,0.031633883,0.433733043,24.98194458,383.9579015,21.21696055,1363.076478,0.03112,0.001325355,14.41260112,16.34554331,0.231037814,0.016502522,69.12499768,592.2505488,28.14388993,12.08934287,162.2633273,5.38117396,27.1734043,119.9619606,62.18264906,37.80571298,15.09170664,65.24399297,0.250583541,4.859829015,27.78678305,0.381825891,47.6730325,319.5039121,0.394801693,0.562360095,0.739357532,348.8883164,2.354880354,0.015474483,51.98755193,57.46311648,0.008844397,0.618340944,0.036679757,1.334088206,20.14312425,0.201246313,17.98899205,0.000484474,5.397874397,3.927174731,0.949238192,5.980784683,0.607946793,2.405177737,3.923424882,1.586034949,5.164797172,8.628069822,0.504677717,0.193545461,6.511095269,0.101736457,0.785152222,0.013074154,7.07928957,0.068941204,0.201733777,0.932597304,0.309331605,0.010230167,0.127060773,0.103656561,0.075092671,0.011308648,0.105270079,0.035374943,0.103196669,0.160395614,0.125953221,0.026757785,0.089331853,0.024868844,0.018435035,0.067176917,11897.23102
S767,8.680274465,1.931494273,10.58691459,5.960418141,0.972696892,5.979501156,1.602433085,24.07630879,2.033076268,0.409373351,4.621894379,4.3114695,0.020551404,15.86117122,9.001265008,7.700594064,19.15666974,1.16651913,46.45055423,31.37197212,20.20172341,0.053635378,0.350402966,3.3408578,6.83285634,1.266462892,75.03829585,6.308622626,0.111054043,1.414658742,0.00792522,23.38816247,0.013601638,0.012123967,96.36247762,3.82990314,53.73408093,3.830946522,709.0678463,4.349537947,3.202139035,25.40045053,396.2336813,19.02682406,12.62104581,2146.58645,0.038259684,2.743589493,230.1695091,0.337677794,13.30019673,7.522696142,118.8000563,3527.504402,22.2277471,280.9871602,833.9754224,2.258460962,0.130360868,0.601962114,2.492822394,10.75011791,0.03322128,0.064662822,0.041014934,0.063438738,342.7151747,592.9635963,512.8054402,451.6206002,850.8071803,1056.689548,1.700479585,14.48085041,3102.63355,243.1539277,489.124112,8.329070771,4.226799265,1790.242329,5.602755918,2.998007954,884.4083101,33.07508499,8.327636691,0.013114647,1562.071103,0.031290712,174.3811182,139.3889917,1716.442494,0.080687525,1.420248916,76.17258071,1025.616789,59.12550782,4191.151898,0.090884064,0.006289754,42.63655497,49.17908943,0.649741771,0.029586135,218.5431529,1791.751609,83.61994397,32.03912071,455.9911066,14.02677761,66.7637979,272.4464192,119.8415562,111.677424,40.10387117,190.4749631,0.63538197,12.62681696,68.1935137,0.678289831,136.388646,819.7278821,0.763005508,1.117191837,1.252251039,1025.072866,6.232698803,0.016023514,153.6810587,171.6277768,0.015650699,1.957884934,0.090045977,3.806181778,60.71434814,0.416390586,52.98359304,0.000945993,18.07167558,12.64107493,2.956402096,17.57966675,1.444198497,5.390720929,11.76334656,3.571925855,9.155168503,27.89865749,1.444238666,0.425371226,18.3046751,0.12056515,2.050803223,0.049074742,18.40159777,0.035807987,0.543982977,2.878270881,0.879288301,0.001806933,0.222507523,0.20968973,0.2341181,0.030707902,0.227927068,0.092322777,0.185146331,0.234589567,0.311117884,0.00499531,0.055976096,0.029670714,0.026073768,0.106922053,34375.77439
S384,0.723228556,0.232028111,0.940531351,2.660645229,0.455134425,2.092650266,0.407313739,10.28802604,0.611536599,0.121286808,14.96939849,0.827907207,0.000352133,4.846626305,5.547236978,4.860888695,11.16251563,0.959346244,16.43773242,10.69914116,6.093163645,0.048935144,0.144670397,1.337385719,3.232370943,0.764384336,17.03133891,3.675368821,0.064757671,0.240088503,0.001859756,2.140922044,0.076068754,0.003067532,7.838303322,0.904042516,4.462806355,1.022116608,56.31007222,2.883348144,0.909977621,3.907235784,30.55211505,3.95308239,0.40637668,179.6657913,0.020277259,0.005129283,5.3502409,0.040863747,0.001110392,1.12842961,2.44757034,86.1454956,0.957220545,17.29290905,17.46561629,0.391965,0.032251915,0.109049815,0.004684142,0.016791797,0.005684471,0.352607832,0.0020311,0.001624174,4.33014415,4.438885499,35.52414161,5.520023198,21.49976426,31.26776512,0.012615009,0.933371444,122.3081265,19.33429546,28.27229939,0.759325534,0.675693926,165.6302512,1.166487224,0.003845691,44.00804458,3.711189797,1.028506113,0.008526131,3.0641211,0.00144929,1.196708333,1.056381612,57.25925599,0.001998264,0.004511702,0.456679166,0.014655244,0.611695126,16.84816587,0.001956017,0.000602272,0.142027288,0.269599658,0.001134858,0.001080052,0.460486521,5.745723725,0.480581512,0.490718558,5.450163627,0.293133651,2.506859778,11.86425205,9.668115451,0.877104342,0.984617935,1.461766691,0.001633841,0.020061547,2.219607431,0.075211758,1.622586113,21.80320614,0.080174292,0.157808514,0.180232516,7.890029179,0.535391678,0.017556963,0.124539808,0.656306993,0.000334969,0.001629412,0.00602441,0.00100551,0.270350928,0.000156209,0.019702599,0.000186928,0.008981843,0.002301673,0.001322887,0.122482455,0.000711327,0.132689068,0.0423431,0.057785179,0.370579176,0.081216017,0.287894998,0.561399649,0.125815756,0.647772699,0.015779967,0.090197449,0.21497107,0.453267996,0.000902033,0.000626468,0.000903508,0.000432516,0.002953649,0.000839331,0.000497728,0.000446695,0.000888153,0.000366806,0.000255203,0.004642338,0.000402414,0.000539235,0.001741919,0.000289928,0.0005699,0.000623218,1198.852748
S386,0.614852072,0.220792004,0.889084107,2.237789571,0.398683497,1.829198139,0.368586355,9.230007279,0.54164005,0.098777895,15.26915741,0.834650769,0.005629919,4.614046902,5.111221462,4.331753817,9.968658649,0.834667102,15.86882778,10.38875102,6.043557532,0.055779451,0.140062035,1.326549832,3.122145684,0.69022573,16.84324392,3.434437824,0.050291649,0.221980275,0.001547621,2.295778007,0.083858194,0.001964499,8.855292651,1.040297497,5.217518815,1.0807611,64.09049963,2.773470974,0.900286519,4.004166739,33.67165153,4.101405643,0.426611288,197.6089756,0.016883394,0.196879941,6.471566048,0.035943163,0.001281508,1.27822581,2.861847455,105.5749709,1.108762187,20.35621217,20.93909887,0.354116649,0.004665885,0.108696664,0.001995682,0.003782702,0.003198536,0.291802987,0.002348932,0.001969405,5.013289939,6.472063893,44.64994519,9.977782667,24.17016728,46.05182843,0.07042407,1.066207641,154.659759,23.20217137,35.13778126,0.767602647,0.76065122,203.1158292,1.290930643,0.012245904,55.35025824,4.189463436,1.159774697,0.00619402,4.196406187,0.002054464,1.553685902,1.340496553,77.11234625,0.001056797,0.011124131,0.520745163,0.015958588,2.131615841,21.94348734,0.000546214,0.000635564,0.200948486,0.325580854,0.000619209,0.001781902,0.633838732,7.975447874,0.693715473,0.750271338,7.228481473,0.357356083,3.195368078,15.54118289,12.58708302,1.10441507,1.329522763,1.964992627,0.004357717,0.00686929,2.905938486,0.083985601,2.146027993,28.99381736,0.091042791,0.182261623,0.223311427,10.57002754,0.699550196,0.022431874,0.20695956,0.88681963,0.000770952,0.002493919,0.010835871,0.000856821,0.388366185,0.000668198,0.105635499,0.000427011,0.026251601,0.022483863,0.001786828,0.164714488,0.029738839,0.174375144,0.086365244,0.090262664,0.484144253,0.125478359,0.238342606,0.566392183,0.163528351,0.635239924,0.00172351,0.084977895,0.310065383,0.439392248,0.000435135,0.000402939,0.000523017,0.000834575,0.000593638,0.00057451,0.000356377,0.000421915,0.000526725,0.00029141,0.000915599,0.002778571,0.000437429,0.000438532,0.000555771,0.00027751,0.00054549,0.057863065,1432.446012
S509,0.234222625,0.08681883,0.336150499,0.62346405,0.049494919,0.367637569,0.074729789,1.832152166,0.117580458,0.026302708,14.27615664,0.114549961,0.000263919,0.747871662,0.943142529,0.79688907,1.811177895,0.172100081,2.800288632,1.747320022,1.12562637,0.039367571,0.029264784,0.243558305,0.656024993,0.126777695,3.075114477,0.606368758,0.022632405,0.108262301,0.001037917,0.178844891,0.040316377,0.000834549,2.975602052,0.329974895,1.434539094,0.005774466,19.57693606,0.737029078,0.27830702,0.944566904,8.748224649,1.039079898,0.113091847,52.87556078,0.001613991,0.034317357,2.772028898,0.022388359,0.000896891,0.382506427,1.151756414,39.19555586,0.396778094,6.304003867,7.810258357,0.232439346,0.001447377,0.072690089,0.00351195,0.084503813,0.00150393,0.291217329,0.000767078,0.001255176,3.522749521,2.872505331,20.40517551,4.955997577,13.1503168,26.02849747,0.03099217,0.565423296,72.53207397,9.3743782,16.08361464,0.378057961,0.312254719,81.77826002,0.505869118,0.00157981,25.80710793,1.743042281,0.368977819,0.005424434,3.683054353,0.001973915,1.21950712,1.052863802,47.32771033,0.000756983,0.004902087,0.374434133,0.001305987,1.240857118,16.85037919,0.000807442,0.000440207,0.182650786,0.336043017,0.000584806,0.000636046,0.728437534,8.480482815,0.696898492,0.579520697,6.249758381,0.305010893,2.269689331,9.930522597,7.020144355,1.060538935,0.948745654,1.996407004,0.010043573,0.046457534,1.873638344,0.05904444,1.955078322,20.59225057,0.076688453,0.103428906,0.109618773,10.19220525,0.436771373,0.029638739,0.278185967,0.905033826,0.000163181,0.002030697,0.009941336,0.000385797,0.439371009,0.001527233,0.129742386,0.000287582,0.070881593,0.094779316,0.015663362,0.219148704,0.026263172,0.147465608,0.113697529,0.098004638,0.388077926,0.157423113,0.395332392,0.789691813,0.198207717,0.934625368,0.022175094,0.125565479,0.328428346,0.638086621,0.000430658,0.00139578,0.000345089,0.000412993,0.000451298,0.000557157,0.000686706,0.000450477,0.000574261,0.000443702,0.000295662,0.000621865,0.000475037,0.000530885,0.001137551,0.000284004,0.000837383,0.002441939,616.2272589
S385,0.686754486,0.222569174,0.823395207,2.287105935,0.401627144,1.962253057,0.361284407,10.0494602,0.563397235,0.106562057,14.17497604,0.811148279,0.000863124,5.011643634,6.832696813,5.373639026,12.20208575,1.038986471,18.96686614,12.39083072,7.286353906,0.067517601,0.186570425,1.560675891,3.693904946,0.888324839,19.67233021,4.144569205,0.065558163,0.257554946,0.000998233,2.543693854,0.085676906,0.001379218,9.326764865,1.149508562,5.3593471,1.289350364,62.19449821,3.036841118,1.106649264,4.313062893,33.93352009,4.447566085,0.605419915,197.9720812,0.028881641,0.015039118,5.556052767,0.057168495,0.00115217,1.336798752,2.391776946,93.31307046,1.01228154,19.39273271,18.90764127,0.443578651,0.001773612,0.120753856,0.002535972,0.006287612,0.006842684,0.30305761,0.00188793,0.005785015,4.346916664,4.898400436,36.86635904,9.014303993,23.21235131,34.52814429,0.057313834,0.95986639,135.8518425,19.16815973,31.20031214,0.70058051,0.761290745,183.794709,1.1733168,0.012621122,50.8577858,4.076821913,1.120707118,0.008750736,3.223974126,0.001322906,1.295097087,1.19092849,65.3880042,0.000693085,0.018593096,0.442358619,0.011656279,1.904730407,18.28753981,0.001742821,0.000687906,0.155468074,0.310045721,0.000815355,0.000618346,0.470228529,6.176244366,0.503466085,0.595205965,5.691477107,0.291727383,2.748371375,12.79343569,10.67823521,0.899148484,1.104348813,1.529783346,0.001225606,0.077930667,2.413965362,0.092212922,1.72765856,23.8363544,0.095802547,0.164981832,0.193831244,8.264942837,0.592541288,0.021848423,0.126526682,0.669599092,0.000952985,0.002029209,0.019310237,0.000503549,0.251986771,0.001598336,0.049622124,0.002118588,0.001149987,0.051893002,0.001147959,0.123341664,0.003851527,0.134263893,0.050055706,0.060800179,0.402784519,0.059635547,0.287109405,0.561272033,0.137696865,0.678248351,0.000967878,0.073720468,0.232470133,0.45418183,0.000724349,0.000927203,0.001143712,0.001578336,0.001291015,0.001240808,0.000538556,0.000643144,0.000652917,0.000812954,0.000246765,0.010477168,0.001055011,0.000576301,0.002109758,0.001027867,0.001342401,0.034141943,1322.672129
S387,0.679177826,0.257621285,1.084699647,1.936847769,0.207740074,1.746952394,0.352296534,8.730794627,0.511480146,0.099246767,10.08510268,0.68134566,0.000263771,3.694872767,4.879562704,4.236677403,9.004842111,0.784421466,13.17593048,8.288681723,4.994702092,0.011458423,0.128254821,1.091849582,2.366716556,0.642926634,13.3859662,2.922117556,0.045196902,0.127729222,0.001412063,1.934576991,0.055863573,0.002360806,7.930667564,1.10624442,4.423813754,0.544082667,50.08218756,2.240478869,0.791292148,3.086505697,25.44248392,3.286313331,0.418877124,149.2649634,0.016995063,0.006858163,6.565983638,0.024081512,0.003144434,1.060777065,2.679162268,92.59854377,0.854784946,16.33643401,18.21877169,0.334287834,0.000780699,0.000579386,0.002152915,0.135850272,0.005075497,0.401626993,0.001053305,0.002359959,10.55882667,6.809647856,56.45235096,15.62225281,33.38814229,72.26341449,0.108513542,1.405166658,188.3948029,23.30611577,40.9612893,0.863406667,0.725143915,224.4799658,1.254453675,0.009989817,68.11063965,4.232290608,0.992759638,0.004183717,10.85018979,0.003683214,3.260809658,2.654827237,132.1014442,0.002147342,0.011178292,0.973255497,0.019863059,3.279857874,46.59914054,0.003186562,0.000696577,0.479727882,0.626790501,0.000842135,0.003609133,2.068497723,25.35171985,1.954947682,1.626628416,19.58990491,0.716068205,6.891093821,27.47052708,21.49729582,2.873087022,2.323434264,5.541329216,0.003763837,0.095757107,5.159269734,0.11590841,5.186583623,57.91886427,0.106778765,0.208037392,0.262861063,27.06694137,0.906364144,0.013050135,0.667005351,2.577373917,0.000449346,0.004797207,0.001137281,0.000590368,1.185885305,0.000822976,0.341396658,0.000433458,0.126498976,0.24555283,0.00425281,0.647386802,0.085172834,0.471081708,0.347343314,0.245935603,1.17261649,0.398255638,0.167412863,0.286317821,0.626711248,0.337399046,0.079068654,0.050336089,0.962492407,0.232965294,0.000825684,0.001585377,0.000434573,0.00025702,0.000786488,0.000917495,0.000574423,0.000535481,0.000568227,0.000418985,0.01658561,0.024593022,0.000594105,0.000604688,0.002222233,0.000721776,0.001060475,0.046912183,1663.147113
S394,0.226885004,0.110095353,0.352067002,0.841387309,0.071608275,0.522372028,0.10320439,2.49824527,0.160273564,0.040512575,13.53386558,0.34980805,0.002018294,1.003501399,1.488973065,1.318896074,2.968022534,0.314595852,3.261750198,1.999488076,1.19045851,0.012892512,0.040797035,0.282170972,0.637504183,0.217853932,3.452084218,0.900135017,0.018404401,0.068286325,0.010852795,0.468226595,0.030142612,0.024260375,2.096071976,0.217381991,1.226962,0.322304307,14.30749865,0.702169614,0.231314702,0.886923314,7.554586682,1.120848209,0.124959471,45.67068747,0.012606359,0.029005617,1.355851397,0.001248858,0.000765527,0.265512438,0.680248765,20.6268993,0.257495198,4.536431861,4.355237732,0.09480551,0.0211751,0.024224793,0.000599024,0.069583597,0.003694599,0.113298797,0.004068686,0.003285715,1.802700486,1.727375845,10.87717085,2.757983041,6.330387795,11.1760552,0.682531322,0.34246368,36.16809632,4.764184068,8.372270667,0.222017028,0.211676976,49.73960549,0.356415967,0.000925946,12.92502226,1.17091519,0.315971076,0.004378072,2.043840229,0.000878237,0.577105305,0.479934747,20.93482228,0.000564314,0.001234667,0.208588285,0.001881022,0.621413102,7.518293388,0.009744612,0.003996198,0.116892333,0.065857257,0.001597815,0.005631895,0.602310394,4.863197573,0.395828597,0.273269059,2.931635303,0.158780176,1.06103861,4.258993645,3.169203458,0.556232325,0.400404697,1.000129858,0.015615336,0.062702826,0.80285727,0.035604137,0.875652784,8.661487556,0.03583134,0.057593431,0.064838891,4.367065094,0.192836593,0.023343052,0.371762375,0.532842802,0.001381719,0.000514314,0.0155711,0.022591085,0.268121993,0.004297475,0.141119963,0.002727425,0.176381584,0.150311837,0.035214074,0.222307664,0.034221906,0.072353255,0.145274721,0.051512606,0.188393473,0.25398319,0.244601845,0.40388566,0.143762983,0.476005305,0.027983708,0.068012129,0.209039521,0.319412946,0.003064784,0.042173074,0.012501135,0.004531549,0.022502795,0.005236706,0.000565124,0.003376486,0.004423924,0.003521889,0.004712614,0.007494381,0.00720859,0.015033739,0.01012905,0.004934837,0.00241685,0.067813216,367.651491
S395,0.77457371,0.272754248,0.77779856,1.894388185,0.127056922,0.955668662,0.216520987,4.431228059,0.320422913,0.090519407,13.97625686,0.309094009,0.022072523,0.981393978,1.530988501,1.570472638,3.460114599,0.436957161,2.519136495,1.538870769,0.87671734,0.00569227,0.052579107,0.219031046,0.518781155,0.231390763,2.744363107,0.955829865,0.023533643,0.0467098,0.000167756,0.345964643,0.022041349,0.000805105,1.362350776,0.16960115,0.783831375,0.261445002,9.03433927,0.510584967,0.177903107,0.557698717,4.664833087,0.858838,0.121450283,28.78735532,0.005315536,0.070258736,0.896310464,0.009925022,0.000764638,0.178850383,0.433341773,13.00024532,0.162341915,2.730414094,2.578371179,0.052221908,0.012053074,0.012098331,0.000348708,0.026905057,0.000951163,0.092625298,0.000355159,0.015399684,1.284780031,0.910363153,7.617530185,1.900419871,4.750569105,7.847833684,1.32145117,0.244599089,24.19386998,2.404686405,5.527596126,0.151267658,0.128155671,32.89787468,0.250850266,0.188123743,8.508918137,0.59572056,0.18048273,0.007894691,1.273514998,0.000519922,0.398562462,0.304435198,14.32939845,0.001339118,0.000854542,0.163027625,0.194812233,0.287255765,5.201470715,0.007477575,0.002624355,0.10831227,0.104123222,0.005308253,0.002420658,0.291645793,2.954642368,0.248735161,0.192732704,2.018507181,0.116122235,0.799589004,3.058481157,2.433400545,0.369916124,0.295384061,0.651947301,0.002372174,0.000197603,0.599379577,0.02596949,0.600364558,6.26126261,0.030261741,0.040113266,0.048233466,3.029055959,0.132048368,0.013213172,0.156667388,0.318785196,0.002321871,0.00972295,0.015375447,0.0050419,0.164876074,0.00994522,0.066846449,0.002123109,0.070777623,0.04892012,0.007377394,0.108061192,0.009900786,0.057429268,0.046087503,0.033266401,0.136619715,0.102406817,0.177664296,0.290136686,0.085725362,0.364689575,0.028389179,0.051148928,0.116507972,0.24617383,0.008116503,0.016959377,0.001507715,0.001114638,0.023048935,0.011360026,0.000432327,0.006722911,0.00257605,0.003556458,0.005329826,0.004718682,0.000731686,0.004780869,0.020828183,0.005707922,0.003106078,0.084700915,260.2695319
S504,0.983629259,0.358471976,1.231762985,2.027496218,0.296781176,1.60232776,0.377983987,7.695629678,0.501373105,0.109415876,12.49425429,0.727750699,0.023119693,2.651023512,3.399997137,3.242949497,7.108076717,0.667747057,8.046124,5.044133492,2.979322351,0.035405542,0.110606059,0.740557547,1.524009031,0.506736885,9.477851837,2.157586464,0.05922161,0.26511766,0.000678645,2.022209577,0.131439519,0.000784876,9.693794414,0.782102843,5.069289614,0.971784597,67.54498468,2.208399852,0.777404266,3.104294257,31.36906821,3.898026699,0.335836314,193.8068205,0.02007761,0.299521351,14.19834593,0.056094453,0.014830089,1.033238227,6.107072255,176.3870723,1.490198383,22.18442024,34.53461218,0.320574497,0.045318037,0.065755068,0.241886281,0.564455462,0.003003641,1.121239908,0.000945063,0.002701257,28.63644754,17.38155947,106.0083193,35.15426786,76.01070784,140.2491024,9.563566118,2.871743595,360.3138468,33.79537841,73.6815163,1.360122869,1.12709493,362.5508715,1.719878488,1.270072383,130.4546339,6.157246904,1.407266767,0.008618584,34.86908924,0.004293139,8.25776754,6.952163793,308.2140551,0.045843621,0.217877468,3.208204144,4.919853784,6.451795094,128.9831681,0.051062904,0.003961636,2.009531564,2.02134168,0.007811405,0.041334699,6.216838991,68.19424113,5.410739333,4.330495283,51.53719529,1.857154965,17.26308212,60.29111266,42.46271824,7.752360806,5.581298996,13.8669961,0.144909593,0.671558623,11.79502749,0.24634712,12.65048395,134.8969071,0.197311288,0.362129767,0.496448904,64.30323081,1.907819061,0.025312845,1.951039675,7.311438806,0.008190612,0.001202397,0.016702065,0.089488756,3.026683174,0.045087325,0.937452203,0.002254719,0.412611691,0.750654566,0.138781277,1.601678373,0.204184697,1.028707715,0.956179647,0.598230054,2.663766519,0.980447325,0.1816982,0.142937481,1.47405973,0.147833874,0.154716292,0.033791305,2.225953797,0.09599542,0.020249013,0.103722721,0.046820706,0.002617475,0.020182603,0.003149386,0.024081392,0.000633026,0.060106218,0.022524434,0.042868294,0.066118821,0.03678724,0.000606865,0.013441911,0.005966168,0.006205913,0.088241911,3093.043973
S505,0.262994349,0.123355817,0.446827444,0.833885388,0.133012837,0.642825026,0.128711477,2.948431436,0.182627678,0.039302721,9.811302305,0.448324057,0.007838492,1.63883449,2.238742571,1.73603212,4.023176331,0.342248841,6.310233824,4.357439943,2.733862527,0.07423741,0.062340471,0.57020229,1.407766307,0.295540697,7.58358105,1.349628791,0.026802946,0.29930463,0.0062629,2.220038747,0.210246292,0.030971142,17.75336584,1.237915647,8.444858834,1.206318632,114.2051355,2.778307669,1.004922111,4.375763991,44.21726044,4.117284455,0.299241444,280.073815,0.020065717,1.036027216,27.96988599,0.151347952,0.006044767,2.093354368,11.38220076,358.9608166,2.977699333,39.33246876,68.61745588,1.062686793,0.10021881,0.297340377,0.001234301,1.115321166,0.005085505,2.415917392,0.004444725,0.003176065,54.83524885,41.40788584,203.6394275,69.52590081,171.5635607,271.547127,13.17602975,5.526666584,764.4778237,71.49927815,162.8211592,2.255417329,2.106273725,713.2330017,3.118629318,1.108120747,271.9160375,13.21205884,2.546933505,0.010070024,77.50783961,0.00432551,18.64815945,15.66905207,634.1984153,0.002474427,1.722065547,6.630740529,10.13474494,12.51486387,279.1053878,0.079485702,0.007331344,4.007660434,3.813981843,0.011468161,0.004462111,17.42544119,178.6318868,13.65735594,8.893795682,110.6834127,4.529640261,36.46227993,131.2647616,85.2812532,19.09314947,12.14674097,35.37048865,0.199306536,1.047812176,25.07755712,0.542426654,31.95907098,302.3111353,0.445021638,0.741417741,1.0131599,164.3700963,4.452215943,0.020162867,6.764286224,18.76589533,0.116507072,0.000171279,0.055514166,0.3110279,8.783994686,0.062375484,2.925057908,0.000700758,1.559454542,2.225423675,0.466684085,4.614193832,0.516718423,2.436506715,2.681115314,1.493105965,6.262775871,0.410126144,0.436525198,0.435984386,4.211937632,0.412699771,0.342644586,0.083127083,5.930886475,0.284511484,0.021710414,0.316128529,0.116935532,0.010113085,0.032748057,0.019947174,0.062983142,0.006640222,0.122925098,0.056666451,0.078496675,0.12914105,0.087033915,0.021016553,0.027522002,0.020342693,0.012391828,0.071158736,6213.806468
S506,1.254985137,0.323904381,1.377068656,2.416962932,0.203556388,1.418531908,0.337605795,6.461878251,0.480473976,0.118502473,10.29612023,0.473046083,0.017716481,1.479900107,2.316541662,2.440082806,5.456597569,0.644755684,4.021623645,2.574065133,1.522422952,0.013395647,0.100710488,0.664732673,0.891952784,0.36383141,4.781939867,1.417288301,0.027627863,0.002682022,0.015690619,0.900170004,0.003525893,0.010631096,6.227951381,0.454111889,3.249584309,0.638375619,45.18755817,1.296010749,0.484249074,1.896943096,19.67588515,2.420947917,0.21591078,128.9979903,0.020214948,0.001327529,9.328102449,0.042230495,0.023478549,0.724193564,3.806150553,116.249807,0.982465,14.38463,21.97262211,0.265976281,0.020889135,0.067371686,0.000364468,0.364194316,0.006507214,0.927394087,0.005512303,0.001688111,25.61426887,13.52908228,76.93553068,29.0582261,62.07893815,114.2031921,5.308761159,2.109033586,282.6735786,25.69998492,58.70868645,0.970117057,0.826530192,266.5027044,1.345523203,1.130611444,99.35928717,4.385508129,1.050046229,0.005999553,47.77473375,0.000604821,9.161918124,7.323804623,268.7003142,0.002906325,0.001837096,3.413508715,3.51230095,4.440333508,147.7999747,0.014387593,0.00526227,2.262424011,1.954933109,0.015846902,0.035563582,13.88061622,119.3192783,8.818239072,4.461776133,65.10494261,2.253012222,17.33524043,56.86551946,34.90415442,11.15947349,5.438423495,21.16822225,0.102312904,0.586816671,11.05248444,0.21383356,17.00921869,138.5242277,0.174527932,0.288713678,0.393319002,92.60276464,1.787519068,0.008298993,6.049306547,12.70311778,0.12705059,0.001552218,0.043282344,0.245051643,6.022412203,0.0374879,2.384621309,0.001587654,1.48103863,1.812506946,0.442664074,3.550752575,0.324645455,1.256509344,2.073220878,0.902698107,2.888302767,3.063718098,0.324106057,0.17595027,2.81939761,0.158580259,0.217885817,0.034223203,3.698565279,0.10813063,0.048757046,0.31141551,0.114059636,0.002914471,0.047064649,0.013597386,0.063279373,0.033901599,0.103491887,0.054662142,0.042905584,0.051253765,0.072844207,0.009571808,0.022280129,0.003645712,0.008140617,0.109944715,2680.202456
S507,0.24456566,0.118505939,0.21281512,0.553016521,0.167283129,0.326008205,0.087912253,1.419093344,0.129708935,0.037120216,2.37274056,0.203533057,0.018635113,0.61411342,1.042477771,0.861226431,2.603598146,0.202545492,3.830827436,2.569115074,1.482958349,0.024020294,0.060458919,0.548481209,2.054903181,0.18745954,6.286669943,0.815580521,0.046450969,0.796560993,0.00127456,2.283614159,0.192973854,0.002065671,14.50574192,1.628432442,7.178629011,1.506208773,78.10123959,2.745153449,1.091428717,4.612357804,42.82894495,4.313417,0.493802763,249.091319,0.022005773,1.927460837,16.58396011,0.499857839,0.002673436,3.9944538,6.950016399,220.6271619,2.356218847,35.1919498,39.38499786,3.357629107,0.204812682,0.802683063,0.005519011,4.752881102,0.003921858,2.069030362,0.000829486,0.001213373,44.72416453,22.13596948,117.7464176,63.84096248,101.8121931,246.8920444,5.195517928,3.749695917,525.0445074,43.51575024,96.89365608,1.960083065,1.202985349,393.0354386,2.278696739,1.298961577,168.0324525,7.062550651,1.993214789,0.015951978,144.4809931,0.002406303,28.02089691,21.68644278,513.2909386,0.00187358,1.284001586,11.25191636,10.825166,8.20685395,435.1970826,0.734897089,0.002447031,6.481378684,5.285672998,0.611610333,0.014004176,77.49794983,657.4721516,44.05985451,12.64259446,236.8185083,9.149658133,45.9377968,138.6467025,68.0114463,45.9852695,14.4876884,105.0702374,0.280618824,2.626480401,27.73145621,0.413516,74.09348383,371.5795627,0.441210804,0.576143922,0.667527458,473.0519828,4.266165758,0.050576754,44.40962344,70.58377959,0.741109702,0.721052538,0.214820991,1.877403,35.76403194,0.159452754,18.91142432,0.000459516,9.397372969,10.71502479,2.978106699,18.21469996,1.620708806,4.003266573,12.23504891,4.191232135,8.393451355,23.70672551,1.758047307,1.301986603,14.47720817,1.052584229,1.39153927,0.180190662,20.2216688,0.742676122,0.282518697,2.134120499,0.699302187,0.004118715,0.182678048,0.195187834,0.291537566,0.099885926,0.518738081,0.198427625,0.155378181,0.206414645,0.393538588,0.01247583,0.032350519,0.011713819,0.002705815,0.021016124,6542.009451
S508,0.261560237,0.14984105,0.222046109,0.451879336,0.154743771,0.368888558,0.109235379,1.403923473,0.137749453,0.02790439,4.548420379,0.437180815,0.015679468,0.968979096,1.429258917,1.056055471,2.747427307,0.195026647,7.158252965,5.405556617,3.449680649,0.030206553,0.080452791,1.134097841,2.74080946,0.252668048,9.674955076,0.971263898,0.084811813,1.799072048,0.002719926,6.798818643,0.633690985,0.002543174,56.06283519,5.104049856,23.32791898,3.219659327,274.6682603,4.845333425,2.434620166,11.37230905,104.2003009,7.855491673,0.865779617,615.8077501,0.03137393,13.72079258,173.3153792,1.575798285,0.001833405,10.65105072,72.80817187,1322.383988,10.32799349,102.9875091,301.5118741,14.97933836,0.771370939,2.14086144,0.000405521,59.67343996,0.036309007,14.6793171,0.002986462,0.006864943,906.5365264,190.2906915,831.5561257,772.3034179,1004.160496,2738.851793,22.58094059,27.40509843,3391.369593,228.116366,627.3943956,6.642566819,5.627585937,2036.274871,6.888089597,4.818262207,1181.413943,37.83056429,6.229516309,0.032586908,8522.592264,0.061823451,564.221776,412.8194917,7236.772976,0.058735462,7.714598828,251.26131,136.5782756,62.74608904,10823.91869,8.644791277,0.00599859,191.0290988,100.4846354,36.89934505,0.304884353,8919.658124,27114.03418,1948.139683,240.5339861,6779.406612,179.0472395,805.0723307,1701.732354,632.7779488,1775.908616,191.9585196,3493.040571,3.423159427,55.43351074,321.0092294,2.726773956,1639.411365,6082.414246,2.857099667,3.21137698,4.775413627,11728.09341,36.87510656,0.029700885,7706.346181,3557.752778,36.23055725,19.91864459,2.057283486,153.0006111,1888.784738,2.410844919,1877.510035,0.070883845,2413.635124,1001.164348,329.528229,1512.260759,62.46054965,98.05255571,1028.078571,154.3016573,179.9803241,3268.622157,85.95903033,14.58646098,713.4380778,0.968558532,80.81865161,1.187523242,939.720815,0.72745598,80.76181096,470.7029218,100.9767962,0.035439736,55.19479166,47.63532508,50.17400126,4.473565362,83.72661686,15.50434558,8.965211878,8.867388595,64.29297708,3.764758054,3.811063603,0.778142588,1.747528634,0.567373462,147441.8386
S389,0.81729212,0.278717817,0.878769684,2.727559606,0.223801793,1.791018922,0.366327551,7.966747789,0.565087312,0.141546856,13.58331862,0.918361022,0.025886536,3.362682447,4.565467126,3.886647046,9.938209682,0.867262157,15.50486193,10.72257185,6.543659699,0.035512405,0.172331974,1.630532314,5.596651009,0.673779024,22.43213279,3.100174577,0.072976789,1.790893904,0.002279017,6.939276525,0.772609174,0.037413911,65.39963255,4.321111797,30.44273126,4.15852034,423.4154451,8.70960671,3.99278971,16.47613118,172.7392572,16.14692976,1.411409908,1027.567352,0.046527392,3.528897373,102.3832215,1.023091978,0.011059488,10.13892831,41.18551301,1234.882427,10.30379097,138.7257865,240.5062495,6.858465697,0.29897685,1.655504532,0.708087002,7.482899017,0.05877298,8.252894501,0.027173471,0.014617566,180.5904373,102.8464719,645.624444,257.2444275,584.6868802,878.2480242,60.17928547,18.17269362,2339.249,207.7289232,476.2723364,7.529160891,6.592175187,2202.806634,9.609932536,9.166611364,801.5122118,37.666082,8.255038207,0.037002418,220.0738153,0.026249253,54.96772368,46.88007577,1945.563056,0.011045161,2.462734172,20.38715568,41.45577368,33.96499913,783.5265878,0.90285834,0.005876264,11.17800784,11.63971298,0.013800272,0.085975906,57.55711303,562.3229218,42.16511571,30.72524503,372.7078318,14.62302108,118.0833291,429.3798399,292.7199355,57.31361176,40.45669458,114.7024969,0.886579932,5.597562808,82.55060882,1.594055778,96.95380349,979.8680466,1.28796944,2.365600447,3.396459917,531.7537105,13.65922967,0.037747749,21.8808244,59.94989843,0.515038625,0.144683743,0.282023961,0.969783054,27.06883664,0.257319015,9.086932046,0.008135453,5.946132821,6.983291987,1.526024734,14.12340941,1.723349688,7.149176741,8.105610044,4.416733891,17.56828833,12.27205368,1.250631863,0.901218316,12.08807592,0.729744131,1.273720196,0.186292386,17.93103039,0.542543072,0.228274928,1.170433041,0.385015144,0.009743065,0.231964153,0.196008453,0.315357314,0.137088867,0.575243017,0.25997954,0.292662266,0.37725559,0.424675893,0.013842745,0.036170497,0.013480198,0.059477558,0.101279187,19811.38667
S390,1.214832331,0.328044054,1.206990155,4.038276471,0.303460667,2.214987264,0.473368054,10.08502726,0.691646495,0.198549479,19.39329083,1.057556083,0.022770126,3.906224246,6.611003344,5.552025264,14.03771318,1.184410231,22.76745312,15.68207612,9.636814895,0.045718575,0.23380251,2.176101556,7.1399508,0.919751057,31.190828,4.568118447,0.090442771,1.957719893,0.001880976,8.600330242,1.026339699,0.021602865,87.73421163,5.900215283,43.71790277,5.725020797,604.041568,12.05560766,5.251943919,23.71215917,260.6477176,22.63860279,1.808936769,1531.34471,0.082117479,4.554068248,113.0064872,1.083712593,0.005291996,12.28016769,48.54293153,1580.624695,13.56666771,199.9229669,283.9542906,7.228819222,0.289641645,1.861416346,0.916108643,6.23360495,0.05618661,6.55019732,0.015345194,0.020697499,184.9523374,99.90592192,816.7986418,256.4921808,601.2957656,1030.325082,63.27612394,22.3950483,2790.299346,293.1400882,597.3635272,9.551632359,8.797459804,2994.110834,13.85857377,13.07602206,944.3239819,47.47829078,12.19169067,0.051964806,180.7260893,0.013250922,52.4065744,46.28473736,2017.216692,0.021746582,2.64277481,18.80028144,52.18559673,40.51455054,741.5804373,0.877772749,0.004622967,8.971594453,10.67634236,0.009777593,0.044722976,48.17911821,529.4431434,40.41495388,33.10787176,387.9389031,14.92228627,130.1513275,510.2552551,364.2642889,55.78014131,44.74775137,115.9991546,0.974969211,4.995000057,95.84835237,2.054885176,101.1960527,1082.372326,1.618320072,3.071793784,4.326342704,537.4186935,16.12688352,0.046803675,15.12075644,56.21413996,0.509472176,0.157400224,0.230255656,0.852564031,27.969669,0.186178512,7.153371553,0.003725031,3.370183595,5.611723795,1.118569355,12.08945094,1.627211941,7.581056961,6.850162932,4.328161721,19.22235453,8.448468344,1.090099959,0.807830235,11.40905076,0.616311941,1.05687232,0.168472819,16.75032594,0.493711963,0.109673704,0.738425434,0.25909822,0.005911667,0.173822919,0.137604322,0.231743802,0.104115749,0.403758092,0.226482673,0.265562096,0.337784939,0.30969156,0.014186133,0.02679558,0.00717929,0.067063621,0.131477065,23376.45774
S391,0.951769181,0.293431325,0.998641026,2.94508871,0.222734028,1.856799597,0.350754887,8.098013941,0.564907094,0.138428556,11.38371683,0.72701812,0.023313736,2.531972235,3.887396017,3.635978394,9.008630649,0.963701852,10.10284733,6.769472336,4.252031954,0.025912715,0.142386904,0.984924501,2.954829283,0.553709261,13.85605216,2.556169837,0.057131503,0.731929603,0.000792124,4.28246739,0.437123453,0.009391828,35.99505717,2.324936292,17.92253347,2.727319978,258.9989397,5.180314865,2.334860172,9.622872725,106.7200017,10.47681063,0.855498754,665.7869978,0.035116745,1.602204876,41.67069327,0.310189098,0.007733301,4.42241915,17.19107386,592.2080943,5.45543817,81.47172011,114.4846088,2.228209033,0.06163242,0.585053736,0.464691063,2.444264939,0.011806183,3.017335336,0.006401386,0.008838394,55.93348094,45.34082004,312.3860431,89.63383486,190.6640006,347.344007,28.8039058,8.847628139,1039.968295,112.2073384,220.5827436,4.103199664,3.883990237,1171.625543,6.486393566,4.390414789,339.6409244,22.17130168,5.284709246,0.035334632,46.52368205,0.00714385,13.82082018,12.9279243,648.2940377,0.004771412,0.892993902,5.319970882,12.87107595,15.2379512,199.7382741,0.322917717,0.004361593,2.919261495,3.40956619,0.003294566,0.03580132,8.501419553,103.0028178,8.014690187,8.455830736,91.99900331,3.525506834,33.13854558,141.0548011,115.0840468,11.66016035,12.29212807,23.96577562,0.315131693,1.405910863,27.27376542,0.805687109,22.00216174,292.0297405,0.517579922,1.139271819,1.640353475,116.2315257,5.064463068,0.030709179,1.958183769,10.71559079,0.048133976,0.019934845,0.067344028,0.140042401,4.967003281,0.061124475,1.057903301,0.001073534,0.305300728,0.929767423,0.138929752,1.935448806,0.293053007,1.681876277,1.096817318,0.796010606,4.33785546,0.993897318,0.377332913,0.409480908,1.975610196,0.431292057,0.184625442,0.08728044,2.913244599,0.318524214,0.012262118,0.079670915,0.041325928,0.006545305,0.01996881,0.007436392,0.029199113,0.046783473,0.052930366,0.057017039,0.037337847,0.065517688,0.044624383,0,0.010014266,0.016833893,0.006853612,0.107926283,8122.636849
S392,0.160157786,0.104088651,0.230434708,0.484874244,0.050245338,0.535007882,0.077587961,2.258141098,0.115492111,0.021016667,4.853501024,0.362953015,0.013159691,1.205028037,1.266848438,0.974690122,2.312553935,0.166525316,4.810960322,3.284154861,2.224534767,0.012059603,0.035574573,0.400009556,1.029071163,0.167724054,6.038308028,0.837353976,0.020152366,0.230745179,0.000317717,1.708787621,0.243446449,0.002704527,19.35767121,1.002504146,8.9833081,1.112902004,131.6336564,2.085328392,1.080341736,4.144748959,48.90244571,3.907379231,0.345396922,306.5160224,0.018296843,0.314572832,23.4946419,0.123554288,0.005516754,1.842552839,9.983104869,324.2257294,2.797375654,42.22041834,57.54197943,0.768363606,0.068778601,0.222040795,0.213376418,0.692097508,0.007636176,1.447091168,0.00207019,0.002552065,47.68236194,30.43092534,239.723283,68.50276044,151.2201881,264.2080564,15.13448627,6.389872525,709.5137436,78.57188065,155.8901965,2.815969512,2.381278338,808.1620558,3.887360906,2.438180978,225.1271893,13.88287682,2.842185028,0.015989919,36.9374217,0.003007251,11.43313442,10.02413058,510.0980693,0.002410268,0.590746771,4.215637532,10.83405965,9.929020865,153.4211725,0.090472839,0.001224028,2.239041913,2.452089224,0.001664242,0.00968837,9.708226885,106.3571578,8.646365845,8.598187815,97.31420076,3.615926699,34.86777765,136.7476826,108.5000439,11.84794654,10.99904005,25.18447551,0.256250237,1.673905584,25.27097678,0.64032822,22.50493961,282.4432464,0.430014719,0.853362166,1.317536608,112.6883931,4.204997667,0.024036166,2.910702778,10.96243447,0.109735887,0.044374739,0.051889233,0.164279976,5.439109612,0.049820087,1.227136449,0.000346946,0.783628967,1.218441983,0.223446327,2.648635466,0.391691815,2.021302514,1.513175891,1.000507508,5.342705771,1.597999919,0.274794996,0.248864148,2.290675878,0.217374388,0.28739002,0.05503081,3.586745035,0.160419538,0.025823771,0.170815946,0.062211972,0.000913244,0.031027449,0.005580362,0.037822418,0.016718595,0.064627124,0.043444556,0.048285719,0.066075784,0.046354623,0.006528403,0.035352192,0.006744462,0.009459505,0.126450606,5672.727416
S795,0.370532642,0.152081176,0.471115738,1.383255819,0.093028982,0.850896146,0.165513852,4.06825303,0.285441739,0.066457815,7.272901629,0.437558901,0.000429052,2.013223182,3.137983828,2.54429483,7.274039844,0.5738724,11.72164581,7.799236109,4.930514185,0.012707862,0.110268847,0.88822306,2.727149113,0.411385049,18.96338387,2.168185721,0.040171053,0.653926954,0.001208102,3.755380289,0.00186694,0.001848723,44.08337304,2.849812661,23.08813531,2.151289076,283.1783604,4.010423868,2.37482718,12.15258905,140.9834494,11.83640696,0.522877234,826.5763483,0.034708212,1.239361475,52.98120894,0.416135231,0.011888707,4.659393929,26.0899835,787.9945948,7.380782122,100.9596812,177.0150737,1.990217638,0.113270756,0.521933123,1.395274251,1.635707365,0.002778896,0.013853137,0.0087481,0.004797283,83.23445182,20.12471177,320.8130941,121.6638728,299.6882526,338.9708352,0.066808644,9.154033627,1287.772345,146.3349494,273.1781043,1.177522152,4.036541664,1276.863778,6.063193968,0.212134388,363.1119879,26.35140679,6.023595579,0.015982979,96.5120937,0.009715215,24.88129561,21.28128474,485.4516646,0.019539101,0.037448777,8.937750584,1.713408366,23.42713768,391.79212,0.010523964,0.003815623,4.656230887,6.569556429,0.000838866,0.000930705,15.45185078,212.384085,14.71550818,11.90075123,135.919549,5.448942822,42.70881328,183.1133358,116.5995966,17.83479775,16.43872822,39.39470119,0.264454164,2.179827423,35.95154998,0.753506076,35.78084239,387.2425684,0.700515712,1.261961552,1.617465724,192.4162912,5.307382169,0.017812526,5.363187736,19.66463871,0.000975658,3.138900822,0.002722481,0.281787351,10.1798647,0.192584174,2.543030072,0.000335091,1.171682668,1.672848284,0.351406935,3.742611004,0.464968861,2.682122579,2.147472547,1.385680948,6.079912724,2.425263023,0.406457472,0.411342082,3.721952915,0.425364841,0.49915666,0.068568401,5.04281162,0.280149447,0.040448992,0.20893697,0.054479881,0.000264928,0.045183644,0.063448333,0.062007054,0.018342897,0.077364146,0.042991825,0.054203672,0.09027275,0.080100271,0.003998375,0.000737026,0.000433282,0.000814566,0.046940957,9804.43183
S796,0.375466807,0.151539582,0.406433088,1.203552542,0.137178102,0.777818023,0.164985002,3.726286942,0.244999227,0.055697255,7.181733968,0.3811744,0.008168515,1.824494162,2.690608294,2.295258515,6.038228126,0.48437056,10.50568821,6.901168702,4.499312007,0.005320051,0.092498,0.669714944,1.627127239,0.374769456,16.23351412,1.895463639,0.031552782,0.304932547,0.001173567,4.573284447,0.00175726,0.00250888,44.48721265,2.854614241,21.59497468,1.481933854,269.2050266,2.9810649,1.888544428,9.831546422,122.6159757,8.980220595,0.692597659,713.8565261,0.02748711,0.825647647,78.55513989,0.163347523,0.011757085,3.071360745,38.50667626,1005.572855,8.262833158,102.4510528,232.0779506,0.983375605,0.070367687,0.31327003,0.320275331,2.575173812,0.005028896,0.021043212,0.003143469,0.012886977,189.4509243,2.848930705,492.0530243,234.4591849,551.4648301,634.7616881,0.541896912,13.51004182,1987.519729,193.6292712,404.3334711,3.291393817,4.542181571,1655.257682,6.198628331,0.160813557,577.4242523,30.19042873,6.057262965,0.006355931,281.846257,0.01565017,61.01833522,51.89813513,997.1910665,0.019497082,1.268736186,22.05703154,23.88216088,41.40881685,1001.032351,0.011396781,0.001437652,11.60930944,16.36116399,0.002106088,0.009604809,48.93090747,623.6222066,42.53686639,27.92929274,350.7448543,13.17526993,92.42696893,364.2887176,202.2024079,49.3890531,34.45949085,109.4549477,0.687937134,7.46366651,72.20308319,1.10381039,91.32355544,827.5383578,0.994992014,1.660462012,2.219233462,501.8047953,8.072009071,0.012381522,16.88828247,56.54984949,0.009658831,7.738264272,0.011919783,0.891684659,30.16779706,0.453905133,8.152400938,0.005096333,3.023101272,5.398184328,1.133373539,12.29907211,1.333238387,7.024954977,7.037217337,4.300431232,15.81227358,7.675563403,0.794223625,0.329848639,11.76916723,0.140614176,1.586303945,0.069735637,15.99763346,0.123099563,0.040691513,0.537285658,0.199492577,0.000303814,0.055360336,0.054744428,0.128726015,0.082128217,0.246618399,0.147653611,0.171868786,0.27767056,0.183502633,0.022737796,0.00279461,0.000985735,0.001235446,0.061437673,15940.68114
S797,0.101252871,0.05096806,0.093313179,0.188366067,0.026265791,0.096201246,0.035023739,0.405108298,0.038681853,0.017297572,0.961850831,0.059599199,0.002213679,0.158002624,0.200890843,0.187479286,0.507185261,0.055954192,0.733926774,0.524670826,0.315941646,0.002545224,0.01634239,0.109688555,0.257971282,0.039633611,1.025980441,0.146375854,0.006450184,0.181949409,0.000837582,0.559843667,0.001141296,0.001554176,4.43777475,0.356646578,1.886238203,0.186140665,19.63861569,0.273918056,0.201583536,0.968024332,8.163186134,0.73488327,0.110162932,43.85915189,0.004230857,0.473117948,10.15258196,0.122159648,0.000770941,0.687880184,4.749144253,110.3563904,0.896441839,8.128106877,25.7023873,0.762371576,0.043028856,0.142168534,0.06726936,1.173142621,0.005196426,0.008220924,0.027672918,0.006487379,31.70201207,0.727104554,53.62332934,36.69368492,78.55419853,97.40439727,0.013054437,1.645407206,260.507067,19.88341207,49.10983723,0.424736825,0.5092457,162.090767,0.531799384,0.051992257,75.56151765,3.120515936,0.552890691,0.002857659,64.37180859,0.004623326,12.88531729,10.59479534,166.5440087,0.003610836,0.131865899,4.811153791,4.771154563,5.949907262,225.0199305,0.008372451,0.000773205,2.532681352,3.39726091,0.001359183,0.001287049,14.1307803,180.5319227,11.49206326,5.611002082,80.3914887,3.025147274,18.57671274,66.03451282,29.58444876,13.04449444,6.663271202,27.30595873,0.090515219,0.823563128,13.39651581,0.157577983,22.16405343,165.6939564,0.19620901,0.233142803,0.307681174,135.099922,1.167304307,0.010217593,6.435392577,16.20896452,0.003606991,0.31277236,0.00219496,0.289939568,7.762380441,0.025727668,2.984073861,0.000451457,1.31918652,1.719299216,0.438428338,3.420361279,0.36185623,1.548361937,2.15802081,1.115871296,3.294759108,2.970693406,0.445514064,0.526717337,3.335293716,0.532953693,0.444545768,0.075054848,4.315265525,0.330701104,0.016767355,0.257558527,0.109306053,0.002548182,0.023969519,0.019233585,0.051938196,0.013379774,0.057660896,0.019668233,0.027789648,0.051960415,0.067439678,0.001885425,0.000804858,0.000473158,0.000444767,0.0171349,2484.026156
S798,0.044991263,0.026091877,0.048147526,0.073994426,0.013932344,0.045513508,0.016441211,0.166896776,0.022604206,0.004093093,0.386900448,0.030715222,0.00871193,0.090177246,0.103640486,0.096439108,0.248210156,0.023839328,0.426400091,0.287111888,0.196648266,0.002969176,0.007987369,0.046364407,0.093424143,0.016418245,0.643629823,0.07107774,0.010466001,0.018097642,0.006155696,0.25241975,0.000599129,0.000979048,1.515145523,0.117629601,0.691950712,0.04721307,7.949116916,0.103059073,0.033804692,0.29326789,3.604581823,0.270117176,0.004898522,19.49413209,0.000739064,0.004788861,4.216710959,0.007669764,0.097180607,0.124543933,2.035104363,49.06503352,0.387865219,3.455814174,11.536715,0.080303856,0.000851954,0.00483693,0.023685126,0.273359034,0.000817428,0.00343665,0.002247925,0.001980448,14.40737146,0.109452969,19.41581607,16.3238317,32.96359407,42.39139687,0.005781291,0.637403009,109.5050424,7.411883359,19.25780453,0.033385455,0.146415203,58.27655446,0.157814727,0.00719018,32.31923903,1.159819437,0.225024514,0.00057321,39.27506165,0.001593534,7.191866606,5.775916991,75.52025264,0.001731277,0.005254671,2.76087186,0.325690761,2.782366092,120.0497613,0.001968634,0.000746218,1.645374944,1.715043207,0.002514542,0.002222276,15.29812507,158.843506,9.843906029,3.136643637,49.04728982,2.07554923,9.201739865,30.47738431,10.77694109,10.8687207,3.46550848,22.38903954,0.009716326,0.640077715,6.479868604,0.064509395,16.30993732,86.77330383,0.078137208,0.08986563,0.101711765,101.9546518,0.635676125,0.000448884,8.102350908,14.56506366,0.001474542,1.801357089,0.001314174,0.3657999,7.562470119,0.001030089,3.66948253,0.002269956,2.789315845,2.767591305,0.890254762,5.307134638,0.446664022,1.201308018,3.349689311,1.370857159,2.253390957,6.386769482,0.341798032,0.150147731,4.625843032,0.071815864,0.65056757,0.013828985,5.920512253,0.042603805,0.083807782,0.570810815,0.19817528,0.001781718,0.062919069,0.092535493,0.205331345,0.009589533,0.286009942,0.032705131,0.105973336,0.118030523,0.219328359,0.002423562,0.001533002,0.002703655,0.007624251,0.038203037,1336.048772
S799,0.659057477,0.201401104,0.591485049,1.887342605,0.175656947,1.064847857,0.214974388,4.807835077,0.333957948,0.092202864,7.939901307,0.468311872,0.007367318,2.072655401,3.12916799,2.771009003,7.503307579,0.616458973,11.43974179,7.386274601,4.673038445,0.025479272,0.108449837,0.76053049,2.020700156,0.469397178,17.75941151,2.252586933,0.046643912,0.328854718,0.001743861,4.035722876,0.001165637,0.001310647,38.1639827,2.170458259,19.36903444,1.704782792,243.6736676,3.53401764,1.950810016,9.985124764,120.7009611,10.2063178,0.249359949,711.6080938,0.025625556,0.399109547,46.30631828,0.209736562,0.003060215,3.289275773,22.66140366,688.4538508,6.096542696,86.03129785,152.0843352,1.008210754,0.006423648,0.329189003,0.65145274,1.13266084,0.002697878,0.020137264,0.005197852,0.010685287,86.30924386,5.187944594,318.3374792,120.4092298,302.2640626,339.008085,0.185266176,9.072414542,1245.677059,138.276346,264.4168957,3.254297561,4.096470868,1228.729534,5.722254645,0.060327056,352.6326008,23.36116902,5.321931494,0.011717598,105.9768154,0.009244332,25.50793625,22.44656587,494.8277449,0.006385483,0.769924988,9.57501612,0.537621608,23.9346102,414.7241116,0.007403326,0.001736977,5.035117042,6.964539463,0.00188116,0.003407101,16.68946974,221.2473594,15.12682939,11.61815227,137.1156506,5.351464671,38.99223403,173.3908422,109.3773434,17.99477083,15.53970988,40.25927642,0.100417869,3.417311979,33.69953228,0.623670745,35.0741201,368.8761837,0.587729085,1.072144713,1.417690299,192.2468337,4.67942792,0.012182661,5.825769183,20.05321855,0.001758891,1.94965701,0.003643462,0.283586172,10.6267987,0.030214447,2.751113595,0.000692873,1.20621712,1.912671209,0.398449827,4.21944053,0.499142484,2.813778854,2.417073277,1.567368518,6.542390329,2.806826099,0.322363221,0.234478912,4.201269269,0.184612134,0.53888535,0.054970289,5.707652663,0.129503214,0.00938595,0.228463343,0.096877148,0.000780259,0.025892757,0.003133014,0.055800777,0.01590352,0.115097381,0.024430789,0.041897444,0.088429641,0.069020721,0.001719883,0.000676944,0.000795922,0.00037408,0.057884197,9343.186664
S800,0.059070247,0.038358919,0.079072995,0.154561804,0.04022119,0.093535761,0.031053023,0.376753287,0.03444951,0.014261039,0.811795404,0.048941183,0.0130049,0.158783345,0.211309514,0.192119942,0.438107757,0.045532887,0.705949711,0.522666909,0.326782136,0.00054658,0.014296113,0.068844423,0.194776055,0.03678634,0.927060147,0.139818716,0.000554519,0.052301503,0.000533431,0.485767,0.000802752,0.000893058,2.279225261,0.19700257,1.014719274,0.099832309,10.2824189,0.093560145,0.126007299,0.534785516,4.64911571,0.430154762,0.685786648,23.84796408,0.005165425,0.154826989,4.490575467,0.009573665,0.001489318,0.345117465,2.208598329,50.60049381,0.455226643,4.417812418,11.81295979,0.234090983,0.001744351,0.060491069,0.029355731,0.349653247,0.0016738,0.004878459,0.000534169,0.001881919,15.29614139,0.090596874,28.16751998,17.8105864,36.45716559,44.5456936,0.005470397,0.865098632,121.2741099,10.25904007,22.47810123,0.046986758,0.199295385,80.00055791,0.252701293,0.039301744,37.23728989,1.620268427,0.290634456,0.009445084,27.41010427,0.002986324,5.660222948,4.492139419,82.74384295,0.002375117,0.038060044,2.158883896,0.913626471,2.975883553,92.14415908,0.0058637,0.000987309,1.141178968,1.529334085,0.002713831,0.00265919,9.221333662,107.5316123,7.007887591,3.58293564,50.84404865,1.774458242,11.50676677,37.7167321,17.31660483,7.502543305,4.018075075,15.78900298,0.007067677,0.698502106,7.615552456,0.115022757,12.30879619,98.18722393,0.118690033,0.137715882,0.192163128,74.07094552,0.809142407,0.015922339,4.186092096,9.47008207,0.000865201,0.006340131,0.001994195,0.175338182,4.874957444,0.002711671,1.799020913,0.000753873,1.448815093,1.282814008,0.365762547,2.54228655,0.250051088,0.964954909,1.643693037,0.76233979,2.059665271,2.575084939,0.314128291,0.363321788,2.224471879,0.418052911,0.303160198,0.056219323,2.939142134,0.234914542,0.070791737,0.279905112,0.099054085,0.00129415,0.076610005,0.044066384,0.07919084,0.019255805,0.090854169,0.020336632,0.027288637,0.041299197,0.087519157,0.00091532,0.001452019,0.000859045,0.000811188,0.045334699,1274.259672
S806,0.367655999,0.210053424,0.344298728,1.3702881,0.228141293,0.718041092,0.173816265,3.287879631,0.252809505,0.078518735,6.45751538,0.342943331,0.024005994,1.384346195,2.195207885,1.691326118,3.917480824,0.400151221,8.222358882,6.300784827,4.235415859,0.017997297,0.102080042,0.725389865,1.472274146,0.328310616,8.081103831,1.367832185,0.036517325,0.233531795,0.002576102,3.043144888,0.002349535,0.002091074,4.363827493,0.695968641,2.556499816,0.339623863,11.33210713,0.815701881,0.534033548,2.051348051,6.399499797,1.163586265,0.805244666,22.34077115,0.01572782,0.102822836,1.79818226,0.05807285,0.001383859,0.785929185,0.932374468,22.26670706,0.346079925,4.91709884,5.774989062,0.263681601,0.056267222,0.056265474,0.044481485,0.236872402,0.001117227,0.001363828,0.000396506,0.000572589,4.09023454,6.397050061,8.198042682,4.580295462,9.205266141,12.12008222,0.048238541,0.365228018,34.67465987,3.442144134,6.891061709,0.129329353,0.131415142,29.9058246,0.215606494,0.03598331,9.092395696,0.684524538,0.176431909,0.006821314,13.59742745,0.000639907,1.947018903,1.508691816,18.5274781,0.001541856,0.042403413,0.778743457,17.89353087,0.740763466,33.79971816,0.001720999,0.007109792,0.560892649,0.585634183,0.019015266,0.003010588,7.097432908,55.77859423,3.162285495,0.944849199,15.53300499,0.682607724,2.565836998,10.51102451,4.75778585,3.220016268,1.084501141,6.835450651,0.059034227,0.4728862,2.131667997,0.044043882,4.393704937,26.60214521,0.059731888,0.064249038,0.058267981,29.31399596,0.199631417,0.016551272,5.852034624,4.858475607,0.001399659,0.047448569,0.000688415,0.18530106,2.624847857,0.000225724,1.949204344,0.00474454,2.912300966,1.188748592,0.602193233,2.138318791,0.166718653,0.42007031,1.474413434,0.45949415,0.906762682,4.167559188,0.320282904,0.376360047,1.580566412,0.411695376,0.25059313,0.056615822,2.117939692,0.260554024,0.201539498,0.53998961,0.081941956,0.001824587,0.161383329,0.115019629,0.167625899,0.01051645,0.175127617,0.036914519,0.03238595,0.071550663,0.178547376,0.010712082,0.087424678,0.038990672,0.037945518,0.060719876,582.0178311
S779,0.2049088,0.056880093,0.202669176,0.376307042,0.027893536,0.212846765,0.057864743,0.902745521,0.08697859,0.031855962,0.621775406,0.096768623,0.016986485,0.390030366,0.452620112,0.447062061,1.136938373,0.116435976,1.740212129,1.112874545,0.729122544,0.015982944,0.027711204,0.131693431,0.338903777,0.087439937,2.829239638,0.346730626,0.017984811,0.076094853,0.017578805,0.811171071,0.007041445,0.008426557,10.03537665,0.388870245,4.830096657,0.391447045,62.44221478,0.486333768,0.45225803,2.088427334,27.44739461,2.0990675,0.478746071,169.597823,0.012206158,0.299425315,15.12619701,0.0334599,3.372965885,0.795997169,7.034311394,198.5842411,1.791677295,23.09295893,43.70314935,0.267129451,0.028222979,0.102363737,0.183111396,0.641592661,0.003709944,0.014718175,0.925851832,0.029456162,50.39845826,107.930013,140.5673983,62.45222537,134.9364599,165.7776749,0.983104806,3.85188282,514.0615331,51.61617603,103.3949737,1.459108978,1.356873093,452.3639419,1.838210437,0.797102416,131.7619877,8.414305976,1.728604918,0.011682358,74.42501485,0.007745502,16.26174529,13.37631485,261.3560338,0.014814286,0.292483259,6.276922337,206.4182518,11.29273667,253.9503212,0.012624211,0.003698796,3.373904239,3.846715247,0.007691256,0.004644178,27.02357754,314.5903494,20.54697553,12.34633581,167.065267,5.655913077,36.41094463,147.1727757,84.67948382,22.27002813,14.02445397,48.69612526,0.304724244,5.566320266,28.64427255,0.445838039,39.43470061,345.8119561,0.3948145,0.65994588,0.833486069,220.9791856,2.463105782,0.009831216,10.61004226,27.5707585,0.005401106,0.399785061,0.004149897,0.521387988,14.65907843,0.211870738,4.662752596,0.023196718,3.463523634,3.952236769,1.068415595,8.084587556,0.89951064,3.398741232,5.096346387,2.460928768,7.378802694,7.1944913,0.54675373,0.107800327,7.082239288,0.108448648,1.001027913,0.056422365,9.383099346,0.096107831,0.134561928,0.642196244,0.220501965,0.008725289,0.153711125,0.144543261,0.20101902,0.024868922,0.310862614,0.062868294,0.096589066,0.07557947,0.226438263,0.019528485,0.081975971,0.044842465,0.073428156,0.12977732,5045.872293
S780,0.241878296,0.125681718,0.178174405,0.541004328,0.194956573,0.240676405,0.079913882,1.10872348,0.10883489,0.035622444,1.986765245,0.105274764,0.010907488,0.34832743,0.541279573,0.524862236,1.173026576,0.137186207,1.5507637,1.079367264,0.63687043,0.006923298,0.031431646,0.149020511,0.29470922,0.092911832,1.731045584,0.343873149,0.009206856,0.052050026,0.002745408,0.66826077,0.001437278,0.0325563,1.394644227,0.120632519,0.760879113,0.093800731,6.898656064,0.166257631,0.101294281,0.504059521,3.435439963,0.448284984,0.188539634,17.77184733,0.0100395,0.109265703,2.537810259,0.02471557,0.423160903,0.204371328,1.303087129,28.91268511,0.226883814,2.701052944,6.661506566,0.097043504,0.010272946,0.02365306,0.034517542,0.320346891,0.001326699,0.002631657,0.140415056,0.000672365,7.920799304,10.17302521,11.36586616,8.26424602,16.11308923,21.56329939,0.034398936,0.406579813,53.25302306,4.396962479,9.900448287,0.159499141,0.111094764,34.76597269,0.18724535,0.059197642,14.19276833,0.680575518,0.152942075,0.009444514,31.53265892,0.007047906,3.931704902,3.115895287,37.32891307,0.002281237,0.04323605,1.596816412,21.90847222,1.222647325,72.84644248,0.002527187,0.000528889,1.122247472,1.043283186,0.010997715,0.00132814,15.66041385,122.766852,6.896604162,1.888005362,33.10314209,1.224830261,5.003243954,17.66204057,7.525415766,6.972569435,1.89954518,14.45787299,0.0628994,0.821131405,3.631545983,0.053712724,9.293231753,50.45585871,0.063412855,0.059406982,0.091031088,60.76281975,0.245313978,0.009542038,11.30425338,10.66062207,0.00442764,0.168642176,0.025120226,0.378268796,5.472442507,0.045263961,3.824871597,0.024608765,3.853295156,2.23337288,0.881034669,3.986953987,0.235882232,0.680654699,2.700459416,0.801926118,1.372184223,6.415690523,0.353455051,0.102037766,2.91985493,0.206078541,0.448945542,0.034349935,3.867207395,0.140919521,0.247320875,0.760645168,0.109361144,0.017050724,0.160899458,0.151234447,0.202200051,0.006063112,0.343643249,0.048618707,0.034118569,0.071071758,0.26453778,0.040074416,0.040146251,0.052250803,0.037968443,0.116983385,885.8810243
S823,0.22643539,0.145065479,0.235802684,0.564920467,0.161461583,0.311075359,0.081036781,1.312087995,0.108516333,0.033700336,4.371281823,0.170166487,0.018571214,0.495315128,0.838767056,0.740615019,1.725917411,0.164967453,3.01968792,2.033702773,1.33651796,0.014958539,0.042982801,0.244730121,0.58354637,0.141464729,4.17033366,0.595759349,0.017640663,0.129565593,0.013718525,1.509818368,0.00785947,0.069496849,7.084836263,0.440184718,3.896476928,0.355703116,46.73810661,0.56412063,0.452251678,1.887751984,23.9606004,1.991430885,0.846676646,143.1805371,0.013181597,0.241162829,9.078813805,0.067750889,2.533161657,0.730457836,4.304301151,136.9253554,1.18416046,16.92620019,27.7481222,0.326253499,0.03775782,0.090879932,0.291730654,1.844507311,0.016276078,0.014404265,0.693230021,0.005076083,30.60767236,57.4263652,70.87238338,33.03520607,76.77211022,101.7328816,0.151925282,1.896246471,310.553457,29.10049783,59.64565075,0.982150549,0.689358389,247.4361989,1.022956069,0.283137974,72.84134281,4.299963245,1.016194281,0.010924664,112.0840889,0.012510885,14.83941365,12.4154549,164.5750413,0.009590859,0.116802883,5.736421816,127.1978837,5.590723137,275.3615553,0.01475679,0,3.740244757,3.570735488,0.111482467,0.004342967,52.56463947,476.5365177,27.14953798,8.125603714,151.4672331,5.326981155,23.10842616,90.90630959,44.49281557,26.23391758,7.979489589,63.30134939,0.185749538,3.32545869,17.48804624,0.209960679,42.2015838,242.0550425,0.230065943,0.32619275,0.420126606,262.4396571,1.170178714,0.006876165,36.23030126,40.37656083,0.015666139,0.467539701,0.050508009,1.222833133,22.39749954,0.213332864,13.23676739,0.001078254,11.03045639,7.077234475,2.590665894,14.09177643,1.130450609,2.872922925,8.452739311,2.825199332,5.705520782,19.44487208,0.793847792,0.343354792,10.19348408,0.160501069,1.331852033,0.051064078,12.8003612,0.106601762,0.42754542,1.871175446,0.637322682,0.005825801,0.308040203,0.192745733,0.282875033,0.018375483,0.440096345,0.043071193,0.058869332,0.047059634,0.327088284,0.024563653,0.060907283,0.035335719,0.047448487,0.108570801,4053.27029
S729,0.057596254,0.046184325,0.065984648,0.253402173,0.034087458,0.177001349,0.038805864,0.737137677,0.065508333,0.019810731,0.754056319,0.103665504,0.003334547,0.488406933,1.930082141,1.36094328,3.849072061,0.264374412,7.513240329,5.304823513,3.58745943,0.00938619,0.071123973,0.454379122,1.390416181,0.242997388,13.02222708,1.367901181,0.014114206,0.361335222,0.0022455,2.309018473,0.002417551,0.005142143,33.82400985,1.577237215,19.69193592,1.78827469,270.8360766,2.879243338,2.102730609,10.63540825,158.9361685,13.54418108,3.066298123,950.9210815,0.035169092,1.280535957,43.58761769,0.194586928,8.811496076,3.573176457,21.8174226,637.7422911,5.624743504,93.16075551,139.8206554,1.413154554,0.073712113,0.343895098,1.602791548,5.718606744,0.013290313,0.022165696,0.032007031,0.054322246,148.5354406,256.8263854,252.7784977,149.9494366,310.8312267,420.4125306,0.735770875,6.869833975,1103.704847,112.9955441,205.7428884,3.960529524,2.722445945,973.903619,5.090301548,1.219983459,284.5898347,16.39551539,4.95006842,0.014994715,776.0200525,0.018227626,76.12118301,58.98472334,751.6992948,0.045991078,0.665915934,31.48569295,500.1109886,23.50238681,1576.765956,0.037333534,0.020241436,21.16770649,18.57209011,0.729220544,0.01378275,369.4904865,2719.629083,139.2961078,32.03779094,680.2997395,19.77702014,87.35318854,292.3069328,128.9739772,135.4761645,29.84189295,291.2430121,0.591476078,14.3839118,56.95769276,0.568488964,173.2128211,878.4114897,0.58819489,0.836074636,1.152255644,1171.091017,3.612028196,0.008428238,272.0781515,227.4985009,0.012648609,3.240386235,0.011524288,7.054495717,118.0716452,0.832672544,83.70548464,0.900175784,102.1514016,50.02198487,17.61135756,90.17370824,5.282800878,13.28369575,58.81376146,14.53576933,23.94800259,150.5110602,4.759615166,1.236671664,58.85165502,0.267007633,7.759939774,0.12240863,73.28261515,0.188244146,3.117177542,16.71802528,4.220094454,0.003971695,2.321145518,1.793481069,2.36250922,0.300657876,3.435569879,0.81363088,0.643475948,0.63791712,2.56873057,0.129772866,0.245160612,0.062750135,0.121886426,0.140631814,19231.80645
S730,0.050457197,0.027384204,0.049518357,0.094144545,0.01299616,0.043298901,0.020818396,0.184811174,0.019096496,0.010730726,0.500983352,0.026301991,0.003982899,0.068852561,0.105793718,0.079790191,0.195473938,0.026696576,0.294481954,0.226668189,0.150036748,0.007058413,0.014574911,0.033320728,0.082374421,0.026571202,0.341749732,0.065878625,0.004874524,0.039788163,0.00245377,0.248990107,0.000293532,0.004994734,1.382124393,0.135987136,0.599129358,0.039696085,6.289836737,0.074073189,0.06301792,0.218500829,2.262209727,0.206842778,0.073279538,12.60075776,0.007590623,0.137705133,4.414574925,0.010181363,0.75133856,0.176567834,1.993642488,40.53195126,0.301771272,2.688414318,9.296293623,0.14062549,0.019964795,0.019564713,0.054879629,0.750114206,0.002024809,0.005491043,0.000956146,0.002758704,22.19175071,32.18722106,26.78082269,21.1072358,40.72653894,58.39044636,0.059429465,0.90097993,122.5697213,8.0307907,21.65495738,0.249993674,0.186714316,66.40110313,0.204103196,0.093192309,29.83797061,1.198808035,0.178008744,0.004117906,70.67576769,0.007208266,10.06323125,8.138231982,103.5611521,0.005829344,0.076843812,4.046926765,84.87576979,2.979855077,182.1481325,0.00359743,0.010216134,2.748277682,2.592339419,0.011247124,0.003028056,21.84246084,217.6299714,12.58226315,4.575263952,77.50886914,2.585591849,12.29193064,42.60036664,18.06539784,13.53232001,4.441525259,28.83644965,0.060648025,1.970956662,8.611662794,0.086696496,19.47154521,122.7072841,0.110575546,0.105594489,0.16606321,123.7561647,0.62268226,0.008381524,10.71144757,18.78522674,0.001394169,0.26679486,0.001853436,0.445057362,9.915813564,0.127074176,4.367408198,0.01852792,4.103356627,3.502579645,1.095281153,7.152619337,0.572987605,1.807326067,4.353478088,1.670485455,3.50455212,8.766855633,0.427649398,0.249926625,5.815691835,0.176345065,0.944237558,0.041831807,7.555819183,0.116588438,0.171942073,0.845839167,0.282934949,0.003897838,0.515259631,0.439462682,0.722923922,0.08535852,1.12327437,0.246510586,0.23447564,0.264155775,0.879846872,0.078126261,0.251413578,0.093197444,0.111288429,0.17080071,1850.408252
S731,0.130526118,0.066403312,0.099096821,0.274571482,0.054908926,0.137919615,0.039845745,0.539427745,0.047841109,0.020251363,1.47149542,0.065176779,0.012500521,0.169936858,0.288074631,0.247523198,0.56697391,0.069129234,0.754367675,0.550047131,0.349184827,0.000287295,0.022495376,0.085085621,0.17483722,0.053845352,0.848215147,0.177701473,0.016963571,0.033811375,0.001331655,0.369117502,0.000286737,0.001219783,1.729802691,0.131135997,0.735594409,0.063917759,7.947382864,0.113196599,0.086217626,0.312637479,2.899660345,0.278482386,0.125566977,15.44866018,0.003934827,0.151467383,5.137807477,0.021697684,0.760131029,0.215709258,2.246896993,49.30661956,0.32445197,3.173319386,11.42401559,0.173262194,0.009231366,0.036623732,0.046202969,0.81717373,0.001982614,0.003225973,0.000468112,0.005402437,20.09259444,24.16231515,25.35978501,20.13495305,39.42152563,55.0330528,0.055669554,0.777488375,119.6322417,8.075546029,20.78602952,0.258178749,0.166628214,63.12466275,0.19646637,0.108841333,30.53169034,1.103911912,0.186056877,0.005199897,68.04149197,0.002942145,9.333330731,7.66192951,96.33899202,0.005948301,0.100111972,3.851836569,75.67080546,2.764521718,177.0553103,0.001982255,0.001655675,2.510432365,2.354391193,0.033856088,0.002780864,19.26793059,183.8366206,10.41344578,3.68563296,61.66512218,2.01277563,9.813189911,34.17540455,14.27921854,11.33593814,3.663390117,23.71995278,0.076520831,1.526027738,7.003687642,0.064877958,16.11369566,98.79865656,0.090619582,0.089630231,0.121835922,104.2572058,0.562347208,0.004990245,10.40104089,16.03814622,0.001506422,0.213963842,0.001716571,0.405004559,8.123254202,0.096253287,4.152178242,0.018113067,3.760808723,2.958412276,0.886052694,5.682047134,0.492879414,1.304339444,3.473758821,1.244020208,2.516118541,7.744347993,0.370571169,0.229768462,4.5942618,0.19541686,0.687518431,0.024303198,5.701303768,0.116723541,0.139379907,0.833244603,0.253218527,0.00029862,0.424372841,0.364481043,0.556288655,0.045356062,0.794310789,0.130237173,0.163263053,0.162538835,0.722081895,0.065237255,0.117513725,0.077727568,0.100170658,0.149163931,1679.528869
S734,0.057338648,0.039371099,0.061376755,0.084048338,0.016619776,0.045030572,0.020565537,0.16082651,0.027503196,0.015261445,0.665702897,0.036046937,0.009011795,0.081121401,0.139478609,0.107778485,0.238752862,0.024538081,0.497224379,0.360042474,0.282782521,0.003041118,0.019592362,0.076163648,0.160169514,0.021337512,0.742796202,0.081577199,0.026147358,0.127107134,0.011840719,0.635459676,0.008498646,0.013880285,5.344071137,0.325425999,2.218316193,0.191076249,28.04903849,0.214685514,0.22940606,0.877195289,10.29785027,0.782414003,0.214332148,65.14291531,0.009402981,0.534725558,14.13084778,0.086484302,0,0.604099477,6.548587271,135.1218194,0.944644886,10.81943097,30.87174412,0.585937031,0.047827603,0.119449052,0.167158534,3.534716977,0.008121972,0.009911629,0.002876489,0.018673536,83.75631816,95.31277871,107.0504911,73.32330334,147.3190541,211.2214161,0.228304458,2.853209879,418.0674928,31.65145936,74.28164027,0.981516993,0.646097042,268.62418,0.921887243,0.318469925,101.348478,4.165345556,0.735128761,0.004197355,376.8986646,0.003628315,42.73359697,32.70234274,411.0137565,0.083332075,0.169471057,17.60576168,267.4599631,11.0695612,827.936257,0.011081996,0.009256214,11.24513867,9.916467075,0.198145296,0.009602376,140.1596703,1310.286769,72.46997232,19.47757714,396.7783235,12.06887254,56.12830224,181.3697234,78.40548494,72.46180289,17.44316851,162.0944573,0.395075719,9.223583032,34.47757353,0.293722185,101.5785872,538.6970432,0.32798631,0.350445906,0.597855808,646.6777516,2.01648929,0.007871527,78.80902993,111.791123,0.004049811,1.467947722,0.004250446,2.868471874,60.02396739,0.003184879,30.98651636,0.000944216,19.05979796,18.29886005,5.169687108,37.39523072,2.788010866,8.112392887,22.575075,8.091752953,15.55268489,39.00546599,2.128842799,0.776689825,28.11218597,0.226263231,3.795077502,0.101539673,36.16674279,0.155434085,0.431671328,3.257939209,1.071547579,0.007528926,0.323455397,0.296356176,0.486546127,0.137102358,0.730612042,0.31974972,0.302327003,0.318588093,0.527560061,0.003240838,0.005042374,0.031152946,0.015091802,0.108473782,8350.461331
S825,0.124422689,0.094564251,0.144601104,0.459233392,0.102560096,0.263782257,0.065363884,1.076148457,0.080778065,0.035635556,2.672497521,0.129650945,0.013147092,0.42231155,0.807437171,0.619381944,1.532689127,0.155159928,2.45232983,1.895348543,1.213455621,0.006433207,0.050455801,0.247124174,0.515341235,0.126084013,2.972912199,0.489371053,0.035059148,0.137825831,0.022558714,1.232412836,0.009770707,0.056409185,6.131647785,0.393423121,3.043846587,0.262747453,36.3089814,0.448559928,0.345789008,1.538025054,15.57092126,1.348370056,0.72413222,95.04413471,0.018760899,0.219770133,10.31487394,0.045854664,0.003179155,0.620151821,4.992094393,126.3815563,1.058561025,13.31816856,28.58964458,0.269390469,0.057477519,0.080055931,0.18581116,1.085372911,0.007562344,0.007177869,0.001339146,0.003863749,29.25263207,59.57085451,66.07860588,35.26944274,76.77813765,96.51709234,0.185027458,1.864494216,281.3647304,26.0154134,54.1362296,0.871323884,0.647628294,217.9611075,0.878608443,0.259563856,70.50968891,3.980310373,0.796449232,0.00675246,91.18731594,0.007704869,13.14687018,10.95263633,156.4082825,0.010196097,0.189108114,5.400388135,119.8589283,5.865880994,241.0536858,0.002516905,0.008934514,3.213809468,3.479435444,0.051366648,0.009268648,29.2986042,252.5181538,14.44284991,5.537578457,83.89315056,3.182018751,15.9990201,64.82235138,31.84523254,15.60773685,6.34372419,34.05029995,0.08831049,2.42432753,12.56050869,0.178468028,23.48385675,162.809268,0.186198574,0.254761464,0.375207698,142.9951455,1.110298576,0.00526204,28.80434153,22.23759295,0.002535292,0.258544118,0.00105327,0.730606961,11.90120391,0.000841835,8.574020362,0.001497465,12.08139187,4.064229645,1.741711394,7.554420156,0.535366384,1.715583933,4.817871436,1.607391043,3.497506527,14.6268864,0.479121996,0.215896797,5.313123179,0.124600943,0.728830808,0.029200523,6.636143354,0.076797563,0.726356921,2.058428438,0.516305245,0.009585453,0.632404928,0.332777519,0.332258623,0.02337894,0.44528468,0.066589671,0.037885915,0.076431979,0.355504683,0.046023716,0.002762969,0.029872953,0.019295626,0.113614958,3090.669333
S826,0.094325455,0.060125362,0.106679916,0.329912446,0.065355901,0.176877117,0.0545181,0.728545317,0.070599227,0.027673508,1.951609592,0.093902575,0.016610966,0.311986622,0.56204131,0.447312607,1.038537465,0.110561674,1.910881324,1.446038158,0.996095528,0.008681536,0.03636187,0.175621641,0.409654234,0.091786067,2.494815215,0.356767523,0.027269617,0.192824468,0.014538457,1.610677986,0.002515565,0.045480252,11.10746909,0.58786233,5.039799419,0.267466958,62.95280296,0.49429307,0.456019262,1.91198655,24.17727218,1.593237736,0.592267374,148.5776771,0.005045322,0.538089211,28.83953567,0.07444063,0.012824428,0.931165219,14.00684352,307.8355614,2.165158156,24.99350677,71.20192129,0.579995455,0.06318687,0.141962934,0.314886543,3.336737745,0.011439687,0.017062703,0.005852159,0.007143595,104.2678585,209.2587886,182.1503489,120.8686966,240.8087316,327.0132106,0.383465451,4.874219615,788.9321699,62.7459793,146.8916485,1.656458312,1.250865661,510.6878319,1.614514332,0.503570518,195.9895075,8.467102696,1.516129902,0.01226873,303.0399631,0.013635577,48.23999832,38.85978361,538.3510682,0.041903079,0.485273224,19.04226402,478.3630994,18.12131639,857.7853817,0.011636737,0.001023112,11.61309789,12.22235865,0.022871396,0.02126538,79.22483994,849.8476186,52.2110638,21.169164,328.8014475,11.80137864,60.82394006,230.8771724,105.2643269,57.87832815,22.74816355,126.0696482,0.435563305,9.968135584,44.88010796,0.507493541,89.18331214,598.7198259,0.541226573,0.646062972,0.978820259,531.475152,3.177224767,0.006728494,41.78533728,75.29086674,0.005566583,0.9780381,0.001438952,1.623892456,40.32079886,0.001437619,16.69746428,0.003835871,11.35827735,10.10792411,2.764192619,20.79203501,1.841593585,6.900372341,12.29059111,5.496936076,13.84771458,20.46578168,1.263324218,0.486887106,17.49109325,0.173882946,2.337518436,0.08113039,22.3945133,0.131782577,0.431296657,1.900579031,0.599213394,0.004261809,0.401387519,0.238084897,0.329066779,0.018662799,0.462583833,0.166509673,0.157436793,0.187057612,0.35060387,0.017841048,0.000724701,0.012088905,0.01476144,0.122996324,9524.623134
S516,0.27014773,0.132355096,0.497980416,0.874068355,0.113673808,0.984216481,0.179559303,5.292003044,0.263882649,0.033806786,8.455757253,0.782910379,0.007661643,4.261920412,7.455663769,5.347757427,13.93859826,0.843914357,29.04677336,18.67059275,11.54661306,0.027127118,0.165181614,2.111686329,4.503696266,0.940097183,48.90168015,4.971551686,0.081079686,0.012430046,0.002651998,10.58094824,0.019698649,0.085672987,87.99364386,3.770433488,47.70435974,3.717037024,725.0766776,13.65669109,6.078535022,24.85998712,392.1327682,40.01612996,2.02137281,2406.550527,0.029563148,0.667904222,58.31518436,0.015255222,0.008695529,7.141927418,23.66165083,1037.384525,9.845219876,196.5901742,200.8125864,0.91288519,0.016845625,0.329612484,6.918150281,4.934574508,0.006184749,0.018682458,0.017223479,0.003734959,75.03103183,85.27178972,503.8928325,106.0418211,281.2464144,349.1737952,0.332632647,13.60957153,1408.808774,234.8738466,305.0391279,8.058632194,7.807558545,2209.136359,16.11683979,1.397568911,444.5643754,45.17293392,10.72780875,0.06211059,48.34817601,0.018114499,16.93505539,14.01284787,844.9261318,0.012733954,0.284428821,4.979035401,24.97147436,22.82810551,217.2296209,0.014078479,0.015930989,2.804386771,4.152849301,0.003898394,0.004665357,6.553519893,81.29642316,6.744757887,7.474683516,84.96937782,2.696175612,30.05144732,134.0460403,120.1362135,8.343050233,10.55157992,19.82643717,0.028547998,1.312978353,23.12630715,0.743424368,17.79502094,263.7709333,0.500297856,1.249959074,1.760637377,91.57539508,4.608553168,0.028496586,1.587420902,8.386789336,0.015879728,0.066256081,0.007575207,0.025947405,4.379143767,0.006023671,0.862167538,0.00174663,0.36990254,0.819684009,0.114531985,2.500462078,0.285109301,2.035966416,1.251491381,1.147268845,6.982936996,1.131117989,0.089712266,0.012257562,2.384578057,0.05328524,0.251039887,0.007672669,4.237679808,0.038390072,0.003166501,0.035634529,0.003994891,0.00118027,0.0034982,0.004643586,0.003372904,0.010775885,0.061116118,0.028643458,0.061887586,0.233168804,0.003408782,0.00394993,0.003184832,0.002784989,0.00719334,0.029236983,13749.2626
S517,0.487398259,0.213761756,0.681584329,1.648686603,0.357593009,1.415041782,0.266411377,7.260880577,0.38959961,0.069369867,13.0624922,0.840544723,0.008894967,4.292562294,6.803091159,5.240050198,13.56411932,0.844864342,29.78594503,19.63198652,11.12494609,0.00700978,0.141186913,2.087781026,4.453543481,0.898587429,48.93888074,4.824172135,0.049946255,0.006581924,0.005866863,9.801967458,0.008338654,0.009459908,88.53094381,3.817772026,46.38280673,0.34089498,754.6123281,13.26147068,6.426193,27.83723697,391.9354782,40.79182867,3.51766812,2470.171072,0.051105453,0.074830085,58.52752913,0.011811414,0.010817562,6.691837259,23.69807153,1080.363299,9.613492758,196.1815579,204.4334858,0.935626752,0.013525863,0.155869858,0.577586418,4.822167769,0.003639603,0.012102072,0.012779318,0.002317562,75.95310137,62.35192843,523.094054,111.3126412,274.7570429,350.8673423,3.851321699,12.78195717,1358.457563,238.1161296,293.095183,7.007620004,7.921758203,2116.907006,15.66330634,1.697432074,449.7366734,44.065058,10.44418426,0.025440107,46.81066397,0.020520647,15.46332395,12.99285826,851.6633144,0.01504907,0.169129305,4.166863357,11.9111335,18.49496945,212.8436347,0.006631538,0.002454102,2.193872244,4.052491695,0.00417293,0.004620113,6.144835129,81.17679669,6.562781599,7.290896375,85.80978989,2.737215499,30.20711815,137.7521229,125.3411317,8.469477098,10.61680806,19.94735064,0.104501712,1.924109915,23.94733033,0.858596924,18.47288162,272.5297619,0.481712793,1.31072188,1.808988203,92.05268935,4.569340133,0.016033588,1.452190139,8.447196074,0.005083414,0.021577185,0.011079455,0.01037802,4.343760044,0.008753756,0.764741196,0.000265405,0.363486553,0.763946257,0.11685205,2.328092943,0.260045462,2.174203351,1.181720795,1.161822129,7.029270031,1.094211608,0.072548776,0.033459708,2.241457806,0.043090861,0.334266052,0.015151148,4.2149921,0.036302673,0.006252863,0.021467952,0.005071292,0.002330669,0.005016961,0.00907017,0.022788129,0.010026383,0.025625085,0.01155615,0.099331214,0.200489065,0.022164026,0.001006137,0.001557248,0.000907828,0.000879309,0.057959044,13741.13118
S518,0.413001741,0.227488686,0.768169664,1.273674895,0.1948471,1.249505747,0.198384649,6.303088218,0.347692157,0.054508603,14.61029388,1.112904366,0.001940137,5.826565917,10.07617409,7.061521048,17.76854562,0.936171235,44.73956959,28.94957044,19.17025424,0.007206449,0.211426129,3.138834885,6.634501471,1.248205649,76.07993401,6.862552917,0.0380872,1.497116068,0.006720318,22.14193943,0.021649231,0.013039383,168.3827294,7.491824063,90.00413619,8.89581361,1376.424335,20.05877152,10.32173839,44.75975725,696.4470826,63.27243133,5.001425294,4236.071758,0.075259429,0.095432664,145.6457023,0.053428022,0.023054682,11.53335379,56.73557329,2319.850401,19.8975388,393.5399301,460.6574065,1.775612294,0.062649684,0.324212699,9.572382414,15.35141369,0.012562793,0.022705033,0.017230915,0.027001719,180.0080021,112.3713956,1014.963445,252.9910941,661.1228538,804.0110542,5.39520388,26.88239416,2929.270296,452.1795991,632.8914651,14.55687213,14.79078843,4229.580641,26.85230917,4.422732582,975.4800105,80.78826878,19.25970718,0.066673601,141.7724878,0.038152279,43.04446224,36.08128124,2020.005323,0.020448017,1.088691978,13.56583355,14.16402045,48.25806839,612.2030118,0.019891346,0.011919004,6.919274011,10.93147333,0.002360534,0.009056231,18.34352891,233.0744667,17.98021177,18.98100361,225.5782113,7.397717924,73.2706142,322.8093379,264.797063,23.7360905,26.72913839,54.36305723,0.390747963,3.750339516,57.04264359,1.591769207,49.03823383,660.9402129,1.095148891,2.534460484,3.56403259,252.4973392,10.0883447,0.057960736,4.522037181,24.15260856,0.014771919,0.085027076,0.014173525,0.174074172,12.65838285,0.005522296,2.451699353,0.001767155,0.93787337,2.131055087,0.272448508,6.388425353,0.731486954,5.276392007,3.275145294,2.906084325,17.08540141,3.038867634,0.201407216,0.020915985,6.191270414,0.086872362,0.732051542,0.01227395,11.27549105,0.089151237,0.002735821,0.131726174,0.007777778,0.001778906,0.010699802,0.028227011,0.046015331,0.00378437,0.160507586,0.053838484,0.251466922,0.554139499,0.034244209,0.017131728,0.001708564,0.003984166,0.018330281,0.067183791,28263.38993
S524,0.967554375,0.301947089,1.409598556,1.972202638,0.271846447,1.928630314,0.3694748,9.502029551,0.584178488,0.103269438,9.106926597,1.278636442,0.000600061,8.042652564,12.89925837,9.401074935,31.62545065,1.324493789,83.53130614,44.48923649,29.37909697,0.059207479,0.273465503,6.469965924,9.934366488,1.609233497,346.9339686,9.832322819,0.132214399,0.030817359,0.015625505,0.298681553,0.103505353,0.029958346,1727.798394,25.46720571,809.5451521,39.39333856,13977.71179,115.3316835,56.99909854,323.812583,6347.89544,457.3410752,19.67841688,42638.81643,0.174568303,0.685840808,2654.348647,0.022908959,0.091835362,85.94909037,1033.598226,39122.82211,1.193623641,4170.427771,7695.471582,0.158785913,0.027591797,4.719046749,0.880691917,0.352045617,0.07484944,0.388760163,0.087887259,0.016498083,4797.903542,2727.676394,17289.13518,5904.201277,13334.0521,17595.4324,5.719808054,422.1345745,54634.55869,6942.592362,10575.14791,145.192877,154.9742835,54765.42495,267.3728736,30.67702383,18988.67368,1063.012,212.7358485,0.611727407,7765.07281,0.18040168,1416.822794,1082.421798,10996.96322,0.320373033,1.30637329,517.6256597,37793.07349,801.243883,23600.76325,0.356148503,0.079626993,257.3139111,360.386558,0.199649889,0.156480854,1119.40148,9591.084595,662.3682037,439.5331294,5985.243307,168.5832702,1509.719635,5336.485571,3949.707876,820.8976634,527.5989468,1577.378417,10.40308118,84.95118477,1012.100334,20.81879949,1292.283714,13252.63159,15.9624647,33.77453196,47.56156904,7313.604434,172.1882688,0.158326911,497.3374754,1001.416031,3.010672741,0.534715229,0.625852094,15.29297905,482.069027,1.66330361,174.527301,0.005417418,102.328071,101.9433639,21.69262066,202.9693847,17.16368218,89.89537584,122.2161827,52.52252418,220.4900174,173.2196884,11.98918547,4.101445861,163.0417636,1.210816913,15.30998631,0.844310688,212.6297489,1.389304399,2.223098026,16.1031297,4.680690834,0.001278588,1.069601063,1.216788608,1.974195089,0.570475477,3.677251684,1.319809314,1.635395839,2.387854828,2.014451756,0.065616349,0.062249102,0.045176519,0.084645364,0.063703869,475062.0878
S526,0.369289673,0.170394804,0.653925266,0.811676024,0.235492142,1.029277131,0.189796717,5.5656519,0.273698573,0.035591747,8.665035275,0.591298906,0.003362444,4.163256623,4.926174867,4.076093451,10.16952785,0.453922037,29.0197188,17.59876653,10.58850369,0.021363133,0.114159381,1.928108281,3.977168283,0.638688224,51.52739351,3.824108203,0.052265577,0.004943871,0.002560656,12.26156404,0.008242728,0.004885078,102.6785419,3.348539294,53.65089817,6.093335425,823.2854549,9.91121139,4.937828784,26.94112224,419.6646669,32.7748105,2.222189207,2616.092645,0.015974277,0.407210645,107.2238982,0.010549451,0.01475637,7.650858436,43.4399344,1650.332061,13.49669863,235.0488804,332.1296484,1.152835889,0.012168928,0.262524991,6.487716026,13.69219324,0.028693085,0.06886171,0.015989131,0.009806686,163.9865274,151.6999408,702.2486231,212.656401,515.7157695,680.4981919,3.193424322,19.14851808,2278.56624,303.0080004,475.3204527,6.64639242,8.424157564,2633.571255,13.96483027,2.462164865,766.8888094,52.2478159,11.78972293,0.016269636,177.5900832,0.033073675,45.35334582,35.47692682,1741.300613,0.037648004,0.115320203,14.12665689,11.01138142,43.73517908,666.7827839,0.029386227,0.006323658,7.751344928,11.76430613,0.004463144,0.005361946,20.25768452,235.4872207,17.13075724,15.33800258,194.7917728,5.822248187,59.49817094,237.8150495,176.1997817,23.28253214,21.05627729,48.71965715,0.049548745,3.137950076,43.13531627,0.955574791,43.37505926,528.5345118,0.751754547,1.693310719,2.304886608,232.6428599,7.971227368,0.018056885,5.474808185,24.59863259,0.00967085,0.032787847,0.028965839,0.137503394,12.33711693,0.007490693,2.738008597,0.001324828,0.953033519,1.868440351,0.353964022,5.434653547,0.601947874,3.659499031,2.835963987,2.221678455,10.97175477,2.695024538,0.249920549,0.135267013,4.941938357,0.065990233,0.651613379,0.020516865,8.476670987,0.086793024,0.016486512,0.17537683,0.057539569,0.002334887,0.019339593,0.053146695,0.027603375,0.024623993,0.1605721,0.095674656,0.200123976,0.376310987,0.086936466,0.004614381,0.001455033,0.009330643,0.009037532,0.067323479,20457.18414
S433,2.822386619,0.355099481,2.419888338,7.8316042,13.33452636,3.225721532,0.583160052,2.974198431,0.853437429,0.485215571,4.63736495,0.345668527,0.003448157,5.360067028,9.512688481,8.674852109,20.93692334,2.091868381,28.03737789,17.9608218,13.22023032,0.077565484,0.469293068,3.609226682,4.919209745,0.296897316,33.78018939,6.806198789,0.200242362,0.114571427,0.13956044,5.429517412,0.09625978,0.093130882,27.17914806,2.86171941,15.62395583,2.492022065,157.9886507,7.882968072,3.286917952,11.03358414,82.11068257,13.20874157,1.340226743,495.786417,0.013419336,1.871205098,18.35672371,0.020344379,2.868864826,2.931681436,9.121866721,204.4751465,2.650623858,47.98400168,48.98768638,0.833068771,0.008358669,0.011718333,0.391493418,0.482389856,0.003850168,0.008852885,0.005273882,0.008081218,17.19929572,17.12094957,103.9517648,22.34711965,57.6948859,83.3318529,0.626361004,3.025102041,304.021037,47.44542549,65.83882673,2.122712122,1.679556564,451.7230634,3.457164174,0.77571988,85.01625397,7.473268675,2.234257109,0.01758285,19.53986349,0.040913405,5.207502956,4.227178634,187.7750207,0.016611277,0.074179362,1.539727035,2.493612135,4.902936203,74.96851285,0.005627617,0.004299161,0.761535401,1.233253002,0.015014935,0.002960054,3.441963264,43.23914769,3.166254083,2.567795462,33.69331717,1.18981593,10.60325481,53.80520026,38.40323974,3.625852394,3.396664431,11.34825196,0.005915619,0.508746325,9.25670851,0.196673468,8.854851248,107.3903005,0.132941806,0.330669525,0.420049216,51.06972092,1.317522407,0.004736566,1.122220094,4.548970388,0.007136146,1.143172819,0.027122882,0.008112442,2.509899832,0.005639617,0.653406512,0.001733688,0.402474325,0.868316841,0.132528932,2.74132946,0.241403586,1.655297316,1.408497085,1.227831403,5.610966172,1.756596566,0.015793664,0.013311937,2.629913878,0.00789861,0.38471242,0.001720974,4.718520675,0.029600547,0.017254776,0.066145495,0.012632054,0.002797113,0.036945159,0.031455817,0.067432902,0.038582614,0.215218153,0.092844048,0.171841011,0.281406952,0.097812532,0.014858902,0.004729834,0.018201314,0.027417614,0.066680085,3366.547023
S434,1.597868614,0.332537059,1.80286498,2.402883932,0.18911329,1.762670684,0.343510654,9.087585418,0.485201187,0.10792388,4.442216972,0.633019292,0.001130749,3.668422002,9.59247019,8.736038316,19.18296501,1.629396758,27.81878427,17.62015892,9.640507736,0.009893475,0.289478381,1.926765861,4.120482508,1.464314641,29.57715721,6.713034702,0.051203915,0.002988643,0.006018878,0.020383035,0.005177669,0.005489638,19.35472213,2.126722861,10.83292919,2.384720989,118.8818619,6.145092837,2.375365584,9.28355385,64.05537085,10.59489603,1.422455007,377.4321673,0.058549094,0.255561231,12.96735558,0.08118227,-0.000529481,2.385945309,6.309372357,157.1877227,1.781288359,36.13717946,37.86466111,0.407853826,0.024687161,0.145555336,1.471404142,0.413604784,0.003327736,0.004991318,0.005316401,0.004627523,12.64315181,8.862517985,68.4814019,17.12991837,42.60933161,59.02286765,0.217779386,1.866967268,223.875732,31.57306444,46.93087617,1.398492612,1.095060863,294.7235763,2.176899871,0.432421573,66.16748275,5.570485834,1.552645242,0.001511015,14.37077182,0.011284048,3.470466926,2.884169723,143.0889692,0.011217427,0.019475048,1.007440571,2.604047381,3.413059336,55.94456031,0.010383956,0.010162969,0.448199808,0.822006638,0.002725373,0.0027238,3.323577969,40.85402429,2.696332682,1.824685144,28.14894277,1.032478978,8.297141946,40.78557695,27.04957268,3.046117046,2.275181728,10.03620768,0.004023625,0.31388676,7.120391717,0.177193706,7.409463048,81.70186627,0.079740858,0.22668654,0.282440741,44.21481229,0.99031488,0.000612039,1.181990477,4.071239041,0.007312054,0.024927789,0.005083865,0.00906719,2.396330786,0.001183307,0.590938052,0.00200583,0.658964275,0.974428172,0.25589402,3.525688935,0.304398292,1.661584061,1.685981878,1.261061039,5.473083403,2.589092157,0.047429264,0.14391539,2.871045571,0.111325721,0.474733625,0.006201819,5.766502499,0.083304606,0.002438451,0.129738865,0.023844715,0.002239972,0.046721721,0.049440573,0.128691115,0.063598484,0.359264364,0.180584166,0.242825009,0.385123804,0.173669246,0.007892187,0.001838412,0.031563412,0.047955534,0.069975588,2512.146413
S440,0.482984377,0.194950331,0.932007303,1.456731985,0.22316444,1.794637063,0.243017871,10.02590768,0.383712153,0.057067412,9.802478148,1.434118161,0.000655961,11.24089863,17.98539574,12.06247449,30.49006972,1.704895695,94.90384394,63.37908458,41.25410869,0.04286346,0.430613946,5.696132549,12.61116859,2.328068743,103.7924263,12.39400721,0.186330948,1.032169059,0.007461261,28.4846634,0.016769904,0.016806723,122.8041845,15.09205819,63.95612601,9.729622118,681.7934643,24.55525593,11.19253186,41.66444972,332.0233159,38.82439183,4.369860614,2017.590995,0.138702725,1.235868235,101.9093047,0.420915915,0.054663203,13.34833478,50.20200619,1168.079751,12.21195196,222.771268,290.4317876,3.54474417,0.06128212,0.655492647,4.052416784,5.278050061,0.013952229,0.03426646,0.014921874,0.011303874,92.51937144,69.23437817,520.81941,125.1190608,334.1333926,458.6951349,1.868841826,14.07296852,1609.773207,225.0085767,331.0107791,5.530318333,6.778824181,2119.469572,12.96022188,2.398955185,481.1274366,34.33458885,8.964257024,0.012937015,104.5937309,0.054927819,26.56784126,22.21742394,1081.998423,0.017299728,0.160962972,8.606251305,4.678950231,26.51014793,435.2413887,0.016902969,0.004287584,4.358150843,6.239298394,0.00462505,0.00678432,18.68718721,260.8455488,17.85493376,13.60719121,191.4443505,7.138759063,56.80146634,309.1064891,210.1665386,20.28916491,18.48256255,65.30365821,0.080357645,1.751232416,53.373209,1.138008577,51.83108157,613.0560834,0.696808501,1.618201837,2.211726253,302.1920967,7.291910405,0.034528142,5.821851039,26.9892222,0.106273974,0.103307455,0.016392473,0.058719922,14.38687737,0.019087706,3.391578508,0.000832512,2.121954142,4.055632749,0.968609582,14.43475891,1.475823547,9.240150052,7.225132593,6.585957874,30.4840444,8.719542405,0.285494251,0.271808458,13.99193626,0.154687155,2.21471712,0.016625157,26.49886597,0.129234865,0.006239606,0.4554568,0.160857296,0.008188185,0.128055294,0.155334375,0.341117418,0.190687998,0.840723597,0.467457756,0.754844357,1.31952854,0.473355235,0.002505519,0.004084031,0.04231268,0.052082932,0.092157549,16290.53576
S521,1.145718242,0.431288638,2.070074011,3.090640427,0.380217111,2.839863828,0.570746752,13.05289348,0.870507133,0.162459752,10.66032441,1.375593251,0.000922501,7.27976271,13.49800081,10.38858031,32.06971163,1.782146904,63.57281458,36.42426782,22.69639261,0.030418793,0.288774593,5.451943978,10.13085631,1.846850229,219.9020941,9.707048926,0.14062158,2.041703342,0.010563416,42.98944479,0.114092096,0.015467065,1163.014943,24.27409527,556.9891124,38.60058451,9088.664582,73.86124375,40.46950412,216.5467841,4248.416693,336.572642,18.2241225,28507.29743,0.192122662,1.340333839,1923.37958,0.054138122,0.091682532,62.42932386,741.4894937,25670.45529,179.1254573,2871.710244,5329.105597,3.736878109,0.096193495,3.98027695,15.45855102,45.98422011,0.077786776,0.390732902,0.166499224,0.033042198,4187.80271,1829.469583,14064.14283,5113.87681,10844.04581,15184.12995,45.32549946,355.2016614,43629.33926,5563.741085,8929.341015,117.5736217,124.5594675,43343.76111,211.23093,21.81685359,14895.12569,745.462002,166.9597843,0.424563948,7459.064381,0.316714268,1326.286719,1032.383703,40488.64817,0.479374532,13.95444342,509.172642,1717.684706,859.0487085,22350.29499,0.539124468,0.079586011,281.8105033,315.5794662,0.129320333,0.202491802,1321.276958,11035.80414,767.0438438,459.3178673,6248.915283,207.7077399,1681.183447,5753.655425,3787.838695,947.6906649,591.4625617,1853.17528,8.114457752,73.75951793,1089.274643,20.57801039,1530.02886,14046.45291,16.14002897,33.33578621,45.42955558,8562.28998,189.2305246,0.179822139,626.3761704,1206.391023,3.447649314,1.479579924,0.611318673,18.95644836,556.0379797,0.19070122,218.8237937,0.02354588,129.8530636,121.548708,27.88785133,237.2783915,20.80158923,100.0976091,142.8853149,63.33670488,244.5439902,224.1627636,14.16194707,5.047119488,199.3101268,1.65897376,19.42949325,1.026282662,263.3368736,1.565098074,2.951996861,21.20159375,6.20326598,0.003664303,1.455000475,1.44810015,2.572231667,0.742966505,4.606350904,1.615999344,1.947887133,2.796003423,2.804373828,0.08102546,0.041699771,0.055775458,0.136080898,0.081231298,392179.1686
S519,1.612673865,0.589402712,3.172083806,2.340824129,0.407592251,2.533655542,0.656002695,12.00898429,0.892216196,0.126060656,8.866831673,1.000016429,0.000401264,5.869905425,8.419722214,7.263342285,19.75841634,1.055983503,39.53518691,22.24025965,13.26720305,0.002637538,0.25377356,2.833944867,5.762943961,1.164616429,91.40270954,6.371235214,0.032808386,0.019980307,0.005213279,0.091576808,0.026886325,0.008111523,217.7990867,5.049733828,106.1628554,0.326177885,1830.558867,26.88672107,12.03481859,48.72983407,905.0576255,92.55770922,3.933864466,5974.606704,0.062109841,0.326798516,266.7223538,0.103287495,0.013155597,13.19988904,101.3613663,3735.875338,28.51000529,523.682417,757.0840952,2.041281538,0.028521161,0.863725455,0.228628207,16.37909464,0.016158943,0.109527527,0.007967667,0.016560427,412.8302939,267.339756,1695.546477,514.9332002,1120.613725,1505.765013,5.776685593,40.9414217,4823.458911,756.6424656,1054.992634,18.91356898,19.87218258,6181.857534,39.51857026,3.367139196,1709.875711,110.1230538,27.18760993,0.083615497,401.8271211,0.039431275,88.25142725,71.69247229,3756.047885,0.02963051,0.39998783,30.47024911,13.04704378,91.23049216,1455.367301,0.02370583,0.002849011,14.7470964,24.45635336,0.022736002,0.041947741,45.05985253,489.6325721,36.59499734,33.34778403,411.5784791,12.10431105,128.7973697,521.761254,437.1290087,49.71216926,48.64658004,95.71712039,0.541352185,4.32724356,94.60419691,2.722097754,89.54739577,1104.491608,1.690211453,4.156297486,5.869675889,465.2600462,17.8550867,0.048524353,13.45001899,53.95650577,0.016123693,0.062551752,0.030645871,0.474113475,24.49754105,0.016689292,5.901767549,0.000550919,1.900214501,3.713836224,0.666249444,9.056334235,1.029358647,6.597760375,5.232326895,3.652626891,19.00484319,4.86465688,0.499914375,0.204378288,8.742290107,0.115773854,0.921529702,0.062043519,13.69673673,0.137004529,0.011283237,0.367342889,0.122882166,0.001659948,0.026968575,0.035279309,0.12213242,0.064283044,0.265349725,0.183402124,0.229131423,0.458680268,0.149505096,0.005972004,0.002801688,0.013187647,0.014586453,0.092627885,45469.13347
S520,0.531340658,0.198210063,0.929083133,1.722191039,0.252338782,1.676015612,0.325833771,7.718075926,0.499496303,0.088344684,10.03219018,1.01559005,0.003816832,4.741112843,7.265338336,6.160599015,15.66574512,0.947313839,34.34404105,20.23791562,12.29904623,0.022033331,0.215197562,2.404136688,5.179637521,0.985092861,65.39685566,5.2333829,0.072941444,0.008457723,0.004750037,13.20066651,0.010212719,0.006801009,122.1147047,5.066622105,63.96127237,0.619445176,1014.961234,14.71620437,6.653234205,30.90829176,531.1215296,49.42972298,2.87049398,3408.207503,0.044185455,0.345536126,122.8147217,0.005859492,0.009264699,8.467054353,49.61247089,1817.206236,15.36938444,287.9282577,366.9548904,1.393404828,0.025955743,0.645665231,0.977902222,15.83248062,0.014250381,0.041526488,0.01706824,0.008113418,198.5524206,133.8808338,861.8711869,244.6177915,551.3728046,749.4317336,8.129096392,21.85139773,2515.180137,385.2969063,562.4377386,11.98733798,10.87638536,3164.081268,20.43027397,2.938254135,855.4531192,57.98228691,15.28592262,0.044410242,202.5786014,0.03252756,49.37451586,38.30681046,1918.864469,0.030068248,0.42402363,15.81826673,46.58037632,38.68949976,731.4929268,0.031832373,0.008040519,8.051833462,12.33810938,0.014924115,0.015170301,26.37939451,293.0398525,21.72326981,17.76458155,234.8020013,7.227377362,72.0844095,294.1601795,226.1832889,28.22342486,25.08336344,58.98817423,0.187648218,3.041988808,54.04905218,1.325766728,53.54488488,636.7365364,0.898712566,2.077016928,2.968912333,282.1021575,9.654539318,0.030382978,7.235344325,31.17048562,0.008230562,0.052794061,0.032128028,0.227032599,15.27520608,0.00614442,3.579198763,0.000543379,1.28817327,2.618082634,0.440716675,7.167507593,0.76677681,4.788514148,3.773602695,2.861609961,14.26348351,3.776287475,0.286815107,0.167416741,6.592060279,0.080136865,0.886541451,0.041029671,11.60520472,0.092051614,0.001939549,0.248017344,0.050818712,0.000451786,0.035554044,0.059965497,0.082931214,0.033407427,0.287315205,0.137827756,0.276911237,0.532365854,0.077382139,0.001398329,0.002321983,0.000683102,0.000671608,0.089692542,24065.37128
S522,2.837179597,0.596058057,2.292597939,8.182336885,0.276232597,3.604190211,0.583608573,18.06509145,1.06326246,0.308941209,23.47162606,1.173860458,0.00117934,6.373478497,15.07181716,14.50000375,36.45087144,3.922728956,43.9745256,24.66246769,15.00031493,0.054308749,0.440149431,3.143414721,6.716438887,2.218076416,65.4585305,10.29131513,0.13257129,0.009599098,0.013137697,11.9869022,0.016738227,0.006530388,102.704161,4.679369532,56.07383009,5.680637514,875.2314237,16.93079372,7.351689318,30.36233222,447.5201932,51.24931229,3.643356063,2878.211061,0.129402961,0.284934739,81.58480109,0.115152989,0.030113673,7.218080747,30.98976394,1287.071053,11.63408127,235.7684336,249.7645309,1.047578935,0.039833475,0.434268741,4.546021083,6.783978061,0.01786883,0.032771251,0.019903397,0.025182168,126.5804578,83.00888732,661.0027577,163.9251723,414.5770057,515.1148327,2.266200627,17.43427123,1841.062058,308.9989791,409.8087222,8.508404407,9.681198778,2677.661991,18.80894609,1.961293307,602.2254704,51.64624414,13.9629224,0.042927582,93.50886458,0.022785327,27.73347501,23.00716061,1286.299628,0.028702375,0.870215856,8.288026037,22.82737235,23.72566654,391.4920856,0.024161331,0.007902682,4.370025745,7.299672473,0.007662131,0.008136329,13.44928644,175.7539653,13.43841477,12.24764759,149.7598491,5.292403745,48.00278834,207.9496134,171.8662509,17.16094775,17.00107039,39.50855856,0.315960656,2.223842952,37.37505338,1.009500105,35.49125745,441.6097353,0.678706882,1.658131708,2.367658434,190.349745,6.656182312,0.031475237,4.169320416,18.01777023,0.036482447,0.02144563,0.022109691,0.036614904,9.611311634,0.010675331,2.153820275,0.001150815,1.10446039,1.879446998,0.467391924,6.321322087,0.630285353,3.971541052,3.030490627,2.578535325,12.45717971,4.126210314,0.183355708,0.155015791,5.672211105,0.088923246,0.864669466,0.030152763,11.04424803,0.088756431,0.01417115,0.225002468,0.06664402,0.002357817,0.083200497,0.09941776,0.212800719,0.103209804,0.593567839,0.294065044,0.386191993,0.728146381,0.302714037,0.005105495,0.00241283,0.022004725,0.04117524,0.09194105,18221.12336
S527,0.766963758,0.282643834,1.613411854,0.929152643,0.116885725,1.088003963,0.245316582,5.606817771,0.322078771,0.047139712,6.608624131,0.764958157,0.000758588,4.200062651,4.928462255,4.107695636,10.10885522,0.427686155,29.81084105,17.18865018,10.94778452,0.004881166,0.119924976,1.967511059,4.043418514,0.609465795,57.87379129,3.788107026,0.013754041,0.007202401,0.002948863,13.97442646,0.011932786,0.004614695,148.7434545,5.891692998,68.15374477,6.673533473,1199.895089,12.59074234,6.114618961,29.0681656,563.7838721,41.76059251,2.088148118,3565.820331,0.033792412,0.437535564,188.8813383,0.132502464,-0.002540488,6.649362305,74.21290654,2711.507434,20.33389346,359.5315462,540.7066832,1.800838656,0.041574002,0.61751644,2.884855026,18.67801636,0.025621922,0.061400479,0.016567499,0.084781558,313.9990301,201.4303382,1167.847464,367.6007157,799.2146109,1084.743225,2.544778015,30.39128776,3529.679351,516.9344891,748.902615,13.69383416,12.05679566,3995.263895,20.76061834,3.530393076,1177.021508,72.32505203,17.03139824,0.050840218,327.6038462,0.022151821,71.87516519,57.38104566,2913.122296,0.037129477,0.635493131,24.44684259,10.71891753,58.16163508,1151.195471,0.038650575,0.004212627,11.89171657,19.14826823,0.006352475,0.021037784,39.20099214,421.8665181,31.26580139,24.71591571,325.0607089,9.557456608,96.47591584,370.4544684,277.7908388,41.19544471,35.18170438,81.65528564,0.497498564,4.551422595,70.07913662,1.631752856,73.12175566,842.535963,1.160456041,2.463681749,3.473441139,398.7404137,12.61653212,0.019099436,11.0745961,45.89379704,0.113784148,0.061695344,0.010662608,0.487255353,21.42863615,0.047643,5.239195425,0.000785547,1.776791196,3.640056259,0.578341144,9.287529549,1.003328645,5.924323512,5.145554002,3.732737996,17.02561802,4.794275948,0.445164571,0.230309131,8.671517425,0.114104915,1.018321329,0.043547383,14.15474391,0.09961039,0.001008697,0.328853715,0.104361394,0.000469919,0.054465414,0.049658863,0.119847625,0.058263046,0.359957283,0.187028695,0.294557839,0.549891647,0.141455085,0.002882107,0.001182057,0.000695499,0.01504349,0.051583351,31810.76419
S585,0.081033431,0.037145558,0.073544405,0.228142601,0.025749702,0.215339924,0.038280773,1.003076089,0.065487063,0.013279033,9.048693048,0.235589632,0.000882514,0.699341505,1.846146782,1.234976412,4.104482368,0.234132867,7.340866839,4.227800017,2.637538251,0.002774806,0.054913329,0.584357484,1.302386699,0.220851266,18.15642623,1.211322242,0.028369839,0.009460717,0.004053344,0.01874949,0.005429739,0.007137002,42.65628076,1.384674621,23.15080843,0.643948035,395.1952826,6.345896895,2.589067839,12.13159129,196.4778071,19.81084102,1.349256126,1231.544214,0.001624098,0.079656002,25.53170741,0.032262057,0.006327205,3.366587656,9.088850858,466.9592558,4.318969126,102.5937771,85.60302017,0.595994253,0.003871388,0.138488682,8.11978181,0.009003039,0.010894181,0.017575427,0.012426209,0.004735908,31.66308471,43.75821292,246.0870601,52.77579978,143.3131696,168.2470868,1.065951699,6.150457791,731.009307,112.3582441,152.8715739,3.447111174,4.214734763,1093.851825,9.125201462,0.955675612,211.324228,21.45434844,5.884836813,0.043030906,22.78216523,0.010486057,8.131864107,7.191879998,394.0727754,0.018609889,0.086652952,2.309618486,2.41657907,12.17309691,111.5083591,0.026149553,0.005331336,0.83018098,1.979268475,0.00389761,0.005344608,3.613552475,51.35391499,4.23771134,4.398528383,47.14898773,1.941314366,17.97365552,76.24942235,69.94942233,5.592837394,6.364660741,12.55142475,0.022234937,1.127959087,14.50709171,0.386178802,12.13170651,156.0769627,0.290849586,0.736636309,1.07310842,61.59729183,2.878180874,0.001206608,0.916419893,5.573528218,0.001425,0.013687802,0.026418874,0.002165414,3.016814824,0.002398266,0.57743388,0.000786978,0.209898688,0.529023961,0.055713867,1.404595464,0.156565266,1.194943209,0.72419912,0.625666961,3.332207451,0.73260281,0.076670362,0.099998157,1.490104847,0.127838314,0.061645473,0.030864403,2.178005318,0.105068111,0.002101157,0.037135105,0.005607697,0.001310425,0.010883695,0.0036971,0.004032547,0.006440434,0.011635479,0.002609063,0.029311564,0.094632826,0.013042017,0.004636431,0.018455251,0.017300322,0.021582858,0.080293893,6873.761677
S587,0.221174989,0.097912022,0.203306542,0.459629479,0.149788499,0.347991216,0.07179042,1.605852885,0.110657285,0.027236438,12.20494742,0.340215723,0.000556503,1.02258034,2.224319379,1.563828538,4.681048765,0.286639804,8.731468965,5.137217508,3.162292172,0.001086283,0.08349761,0.652357625,1.237977277,0.286918253,22.16790503,1.439828303,0.028957028,0.020446004,0.008138074,0.035642425,0.014001854,0.009565538,50.92056573,1.54524719,28.06598525,3.1764882,440.7731076,7.730468573,2.987492627,15.326182,242.8476131,23.27104919,1.3828179,1469.776144,0.013743305,0.24077071,36.02713556,0.053994096,0.001491301,4.098824675,13.62146041,607.580376,5.827111057,127.0849519,118.0887987,0.501421153,0.045435649,0.157937488,6.740537643,1.219695741,0.014816037,0.032880096,0.006123793,0.014208394,50.4557866,32.62085094,308.6110218,71.57058956,183.476717,238.1426919,2.902819383,8.734391041,945.3981569,134.3973048,190.381356,4.640927932,5.206322484,1359.411889,10.48790631,2.921141309,288.330971,26.39531089,7.584118795,0.041210926,40.84855828,0.012924708,13.11561779,10.39959505,560.8644702,0.014733575,0.665974098,3.706590327,3.704357468,13.70795999,173.551886,0.013732998,0.002377035,2.248837776,2.571028044,0.003324941,0.003128296,7.834399383,87.13305678,7.243762645,5.885991547,73.83077538,2.601100002,23.98086227,100.3938558,86.88530804,8.746596009,8.212166874,19.0743788,0.113654782,1.275682863,18.9609756,0.535179911,17.17606945,209.4394308,0.377549074,0.861663547,1.218802224,90.04694527,3.527063806,0.016892826,2.277602492,8.927807081,0.001162919,0.062135048,0.01020615,0.039255107,5.046795538,0.002438643,1.146148176,0.000782054,0.6214529,0.961311397,0.238928987,2.4983842,0.277508292,1.595956327,1.380337867,0.934106603,4.491834527,1.489340085,0.114745656,0.077033405,2.258307004,0.047869854,0.29844685,0.017540878,3.368823706,0.043504732,0.007540087,0.100494728,0.006707813,0.00217039,0.005826858,0.005688656,0.027847253,0.012142917,0.018451207,0.026396214,0.039896146,0.116842708,0.01632058,0.00227093,0.002496983,0.00443505,0.018250911,0.06777295,8789.041715
S704,0.2620804,0.12035739,0.2859426,0.476783382,0.081111076,0.493527629,0.109518664,2.14280953,0.177010243,0.039350394,2.098924524,0.368392138,0.013126407,1.682092825,2.759650664,1.815473456,6.555122073,0.287437576,14.45834389,8.883196422,5.671146703,0.006282721,0.155715208,1.715483562,4.50779479,0.357801495,55.19992067,1.934229079,0.002042929,1.63053777,0.004999988,0.044085008,0.025682831,0.009020819,276.1933029,5.75189461,131.88975,7.960387394,2095.573323,15.25339038,8.636626895,51.76990145,978.7123519,62.63660527,3.490790596,6239.849175,0.037916038,2.274336297,391.9286262,0.662666736,0.036193632,17.62992352,162.9997251,5847.362461,45.36726644,707.4902829,1198.26349,4.839316064,0.089401332,1.621838354,7.394037698,11.13653774,0.012586091,0.105928701,0.027000231,0.082630792,923.0906624,441.6534679,2804.235435,1095.470762,2575.122596,2992.696107,6.305254718,78.92162851,9936.572535,1188.022878,1988.365006,27.11206583,27.09056965,10118.47051,45.64436056,3.53831316,3311.588409,193.2224366,38.39146683,0.086663636,1523.079722,0.089893699,262.6363015,213.0021887,7058.804557,0.046497377,0.67725067,101.1151395,143.626764,184.7581505,4596.899402,0.221725699,0.026392461,62.25357902,74.99198732,0.044766654,0.07418373,305.2788315,2416.230662,167.2066612,101.8008148,1422.952235,43.51426113,353.7466021,1230.901081,830.327556,203.1007602,124.3568939,391.0962659,2.08816806,16.31063034,237.5305249,4.26321751,311.8614091,3036.833431,3.601276575,7.237478879,11.00840517,1866.57768,38.40357919,0.035273652,142.6598207,247.9993879,1.27114011,0.136313538,0.03179546,4.435159653,126.2062606,0.253561503,48.1741731,0.00225259,36.17310811,29.31220464,6.848428922,55.63152369,4.590429167,22.32600821,36.09427349,13.92503013,53.74385184,53.03856546,3.320272153,1.129294571,44.38618536,0.401104704,4.396329295,0.229812087,56.7918018,0.361970008,0.666147126,5.55561816,1.532182645,0.000651961,0.48236685,0.567805813,0.83312056,0.181970911,1.429536095,0.505273203,0.537358762,0.720879265,0.832743777,0.029239826,0.046679046,0.021043907,0.047674659,0.07988299,84543.60823
S705,7.471158268,2.019972998,11.08471964,25.5910616,3.255399175,22.79745521,5.099581885,92.38494853,7.937489197,1.468931017,5.112824479,7.888038844,0.02826597,34.25341295,59.20895582,51.04501593,221.8047531,11.81497577,216.4215652,103.5735314,62.26356095,0.216585739,1.969875929,25.07061095,43.8100575,8.270460721,1254.883831,43.45859959,0.478811438,0.052376724,0.051713333,0.244631048,0.036141957,0.040957167,3457.184873,72.43847328,1890.724141,161.0649079,29424.23192,470.2801832,214.0798844,980.9676689,18759.78565,2314.703593,65.42887353,80206.76477,1.199897694,2.696490204,2665.616148,0.090134622,0.282512245,238.5204001,1110.866558,32.60767584,410.453095,9186.516828,9227.642392,17.51274603,0.194969355,13.11480142,80.33167177,46.02793544,0.069904083,0.376475562,0.233232457,0.480650253,4731.748734,201.3935677,20984.64375,5974.518668,13906.20874,15775.8311,2.243055607,571.9806395,50452.56207,9409.948725,13811.5592,60382.85227,319.344117,39.69847796,735.9137939,2143.582839,20416.59492,19.43728041,495.2889963,1.834041087,7485.266658,0.3175924,1254.242572,1014.982586,10263.03008,0.317702347,3.794439706,475.1571256,32984.63846,944.5832429,21441.03489,0.411933664,0.074119645,284.9867426,341.5513632,4.155218542,0.146533154,1559.111185,12252.07757,842.9971095,526.1778241,7522.065112,223.5281987,1879.548854,7001.7973,5528.737584,1001.97936,647.1008049,1991.880563,11.05882043,79.15254355,1307.040848,32.36501734,1580.107764,15349.67401,23.1930307,58.99560047,79.22568243,9295.900758,210.9137504,0.302618303,754.4771914,1262.265376,0.123081152,0.630720274,0.206989771,23.99717817,633.8038119,2.156129487,256.3182424,0.003659918,167.8069242,146.9860176,34.89318981,280.395107,23.18940143,115.3967987,184.5075258,72.13928828,283.223954,275.3216867,15.91234285,5.025738554,224.9758168,1.547301891,21.96438482,1.077645884,291.13774,1.571658258,3.090836844,26.46803897,7.756913627,0.00111808,1.851649835,1.934828421,3.36051895,0.792644156,6.112953393,1.902029324,2.36066694,3.102339924,3.219287627,0.096093472,0.136203858,0.079414287,0.120715012,0.063357545,534407.9124
S706,0.263560766,0.11377818,0.262994869,0.486025927,0.061855564,0.491277273,0.093187653,2.179864263,0.164865453,0.035896765,2.737330127,0.306943411,0.008135366,1.587143946,2.014649908,1.501368658,4.203164277,0.257874067,9.720333342,6.274008891,3.827450701,0.703373946,0.075464814,0.78219355,1.754722002,0.275041618,20.1865138,1.429662845,0.009203536,0.518795513,0.001642504,5.090744794,0.004101309,0.003040856,34.93245942,1.495065848,18.85297915,1.938764555,272.086306,3.546642594,1.767857712,9.073866636,149.1798652,11.57680782,0.651914485,878.0085022,0.023754863,0.093894773,33.1229432,0.034008513,0.012056942,2.727333489,14.43222112,529.9046277,4.727375639,88.12178127,111.819902,0.676738542,0.032791685,0.194116428,2.202602739,4.349193035,0.003393098,0.010913158,0.001541152,0.007047388,47.38611001,32.39997261,194.3297909,64.41625837,152.0941906,182.3876765,0.113301258,5.515450592,655.8015451,87.56541315,136.0899551,1.070058738,2.342494326,765.4660037,4.284400831,0.128258013,214.0096661,15.08849146,3.606528037,0.017666205,57.83702228,0.004053111,12.80599443,10.62179514,400.521585,0.006843088,0.047487085,4.417944154,1.816233331,12.17411914,203.6289468,0.011468172,0.005715043,2.64548616,3.595107024,0.010295353,0.004327651,8.422775933,88.88052498,6.622178977,5.464138907,70.50921415,2.348079054,20.23569283,78.07798672,54.91595451,8.510556033,7.124851918,17.59682479,0.05832354,0.592834718,14.79894072,0.320339765,15.37676253,177.4465032,0.253428529,0.543444467,0.737792614,89.50023358,2.447159902,0.010871456,2.307530882,9.261097659,0.014361199,0.010803826,0.002363646,0.102938813,4.781279348,0.00139517,1.153062257,0.00134732,0.441690163,0.911591993,0.172871129,2.255750151,0.248083043,1.468307288,1.290179655,0.969166636,4.415121225,1.223801581,0.159454898,0.150304657,2.169041444,0.157528871,0.314171481,0.038700325,3.698307473,0.109409402,0.002710831,0.090953431,0.019183711,0.000983037,0.017185468,0.002103525,0.050722531,0.028970425,0.132675339,0.067261865,0.109249324,0.194187616,0.059700756,0.009364077,0.006119665,0.00548712,0.004533105,0.085565911,6226.815166
S707,0.213862727,0.10172979,0.254360331,0.530031489,0.062527353,0.500618284,0.089348603,2.39088076,0.155709455,0.031174103,3.031052921,0.310952375,0.00894183,1.725440143,2.171887541,1.606311381,4.380075155,0.273306195,10.6492195,6.761346127,4.393089297,0.426362398,0.081827884,0.788681146,1.807316779,0.29514865,21.1479807,1.547718133,0.007089467,0.59903748,0.001464796,5.099033497,0.002486046,0.002426609,34.67546025,1.670932504,18.74503397,1.499953011,265.160357,3.523725897,1.695265829,9.205101558,145.7852829,11.25360448,0.479676511,847.0325842,0.020979291,0.360947939,35.59383429,0.106078325,0.000750958,2.783593444,15.71407804,564.7860468,4.898881842,87.30418333,121.3656356,0.756746977,0.051425515,0.226800492,2.094023239,4.817538041,0.002184332,0.011678409,0.00221548,0.00333634,52.13422522,45.97332557,189.7675378,68.86830055,165.3575931,186.5423069,0.179101552,5.523136477,682.6514653,86.17729063,137.7029346,1.054602147,2.181974875,737.4416091,3.974981601,0.273035366,220.5650178,15.07726229,3.427284477,0.003961417,57.13069786,0.003891722,13.05795002,11.01030966,417.835567,0.004545298,0.037604101,4.357605437,1.644135527,10.5607381,210.7091859,0.094657629,0.000937418,2.370718062,3.900718736,0.029620741,0.006144306,7.523789794,82.58120935,6.29479049,5.201229914,65.26633319,2.157117696,18.55788325,73.95311091,49.50845206,8.180014344,6.781623971,16.50610417,0.143753538,0.720124134,14.28380076,0.272492065,14.60877871,168.0620363,0.235614728,0.495503717,0.674718913,85.30587917,2.350263815,0.010720739,1.946779747,8.684006983,0.025579618,0.007196846,0.005954649,0.068739265,4.315373609,0.010084169,1.0466754,0.000283013,0.357773915,0.769143824,0.148380486,2.081431732,0.234317829,1.33844133,1.156777379,0.87736951,3.989278215,1.122382766,0.119861293,0.127935578,1.995001848,0.119793051,0.293172755,0.019305078,3.455086552,0.08126171,0.001681848,0.064451321,0.005573899,0.00033267,0.026745854,0.024105801,0.039636595,0.026989894,0.125629171,0.081709099,0.105383828,0.184292864,0.064068482,0.007559489,0.002835792,0.007953035,0.004632563,0.074278082,6255.628944
S708,0.320180629,0.133154996,0.608156125,0.902728041,0.162066873,1.266830431,0.263559602,5.869837398,0.37526374,0.057473015,3.112725317,0.723085214,0.013023339,3.833003868,3.485690474,2.680083319,8.406958856,0.349441873,19.1774233,10.74938721,6.755251691,0.186826099,0.116718973,1.500439604,3.251266781,0.451659191,62.47744692,2.661049749,0.002481389,0.920110874,0.002117447,7.196518231,0.011409775,0.002842422,118.3464847,3.451806411,63.01969853,1.779667915,963.5258051,9.607059496,5.208837163,27.65669114,521.8538701,41.0420979,2.4078155,3141.94818,0.027524259,0.082886111,131.208153,0.17367444,0.000031,8.084274732,56.48491832,2034.228988,16.50311334,304.5237418,430.1275084,1.742026373,0.052717253,0.582134095,0.620490182,7.290389259,0.006180541,0.029375237,0.008878031,0.011936934,227.5704477,155.3267497,892.2877304,310.711047,695.67577,825.4265633,1.857837312,24.48608732,2926.514073,399.6659167,597.3572045,7.236358078,9.761609126,3421.560933,18.94967952,1.073132588,966.8320846,67.01166779,14.66792166,0.040079375,249.297854,0.018962923,53.79218241,44.55749863,1783.762175,0.012341391,0.50341451,18.91830203,9.042587204,44.22407006,898.2458188,0.343659048,0.005293791,10.03819432,15.67550368,0.019619028,0.013480106,29.15180856,299.4084197,22.73328621,21.08261879,252.6820972,7.829753194,74.61552208,290.0783511,221.9791634,29.65982927,28.10923407,57.46283462,0.474021268,4.173167725,56.11919316,1.237123221,52.17955406,650.6270968,0.959678317,2.131842022,3.018348248,293.4592514,9.536411975,0.019879334,7.940213082,31.80243558,0.140923685,0.01539047,0.005106434,0.332430433,15.57283573,0.042532471,3.594090143,0.00030787,1.343538319,2.535561679,0.417798795,5.82816913,0.649456607,4.237226775,3.443649786,2.286732541,11.90579142,3.031146038,0.371619269,0.206322653,5.480901526,0.153295543,0.662255376,0.044931454,8.287194536,0.112680727,0.021052138,0.230485347,0.086395451,0.0004181,0.028500104,0.051212273,0.08023751,0.051896973,0.192996716,0.119082596,0.166340686,0.286188333,0.1005602,0.006355057,0.006720006,0.006547735,0.008088932,0.076072257,25252.83919
S702,0.141726005,0.075020266,0.234177851,0.431546922,0.063518454,0.475687768,0.080842755,2.316089418,0.133443497,0.025680478,2.84768835,0.31381742,0.012225125,1.592309769,2.537361038,1.870909348,5.258271967,0.306495543,10.02326216,6.601462083,4.149681501,0.002611146,0.091425519,0.860290468,1.809453819,0.330713025,21.92138039,1.756375098,0.021431912,0.480429069,0.003071387,0.018314796,0.004089496,0.002771509,39.13224107,1.518583858,20.85828576,0.429832953,310.4597042,4.771588513,2.360961877,10.86819468,174.6831876,16.74052443,1.311140846,1074.766066,0.025490899,0.302227667,33.14072006,0.109547384,0.00725031,3.058570733,14.54404107,544.4812359,4.96218642,97.53279101,115.6979141,0.592168877,0.058011356,0.233103164,0.288159099,4.325910325,0.002923883,0.015182173,0.004170621,0.011880782,54.93844728,48.31990817,236.8773325,73.36689826,178.8457594,200.8007038,0.411395596,6.872704173,762.6086712,111.171428,162.391532,0.335623123,3.30005335,984.3750245,6.479377786,0.252690854,237.495751,19.1135768,4.890161681,0.022937833,57.92071297,0.009285929,13.82013224,11.77961663,408.9555359,0.003121103,0.036395905,4.851387339,3.975495623,12.1066985,219.5474765,0.007861906,0.000957132,2.74427365,3.903353609,0.00356326,0.008025978,8.077416426,86.73961375,6.790149753,5.760444118,72.53877766,2.390916362,21.11950717,87.57146942,66.15780923,8.586946129,7.872033137,17.83653327,0.046534912,0.868454765,16.38569925,0.377412314,15.80267559,190.782508,0.313264324,0.649801164,0.930803474,89.81918068,2.653218121,0.015887271,2.07943223,9.128829475,0.005970844,0.00939309,0.002173119,0.041369716,4.636771832,0.001603952,1.0862597,0.000678623,0.351599906,0.814533123,0.138798977,2.068797514,0.258494624,1.519862079,1.172464765,0.904621609,4.602663617,1.07283358,0.127303309,0.111136277,1.988838971,0.10056126,0.290168866,0.024217868,3.329613638,0.086049011,0.004240639,0.067606912,0.009948076,0.001367341,0.021460464,0.017022688,0.041084973,0.016272024,0.076145141,0.059416099,0.093053264,0.154190701,0.039251622,0.017091111,0.003038595,0.013682147,0.009970635,0.087807047,7123.405992
S711,0.138796221,0.067416166,0.239753928,0.497154338,0.069901826,0.488016848,0.090389973,2.324582022,0.143047647,0.031043429,2.367551752,0.327913358,0.012948521,1.828477324,2.567820172,1.865823403,5.585443474,0.291227976,11.55824932,7.209645931,4.699070402,0.010250143,0.078876981,1.045021326,2.031883917,0.322212447,32.22205839,1.846446985,0.011088725,0.695893376,0.004265954,5.974163629,0.010211861,0.003931732,81.24635543,2.810937578,41.73144847,0.997906095,659.2082886,9.148265891,4.241400776,18.12198718,345.3052414,33.5695142,1.597663229,2231.92479,0.025116127,0.051988045,89.32857692,0.168494822,0.003779602,5.184463429,37.64506765,1341.748449,10.76013612,203.8674908,281.6736334,1.01753194,0.08474848,0.44320664,4.507025065,8.602699865,0.004278952,0.043435866,0.003461185,0.004285888,183.1949626,44.56241818,676.929491,231.5557087,526.0020253,633.6599745,1.000815443,19.24887458,2174.338462,308.8817717,451.2800274,4.448682502,8.178716797,2678.830729,16.49502782,1.000838693,735.7331279,50.46411846,11.79281356,0.038598613,230.8046726,0.014673409,46.45078881,38.31330049,1300.258964,0.014683962,0.101762923,16.57242829,3.65148567,38.55544816,790.5426132,0.303997518,0.004927069,9.543479069,13.21087698,0.08967998,0.014571487,27.96869732,271.2939837,20.51702098,15.87136361,205.7654775,6.385854882,57.6151499,218.5011673,164.2276421,26.06594385,21.28242602,51.35790114,0.355430359,1.716696828,42.47363854,0.89610769,44.09305762,500.8113538,0.730813433,1.565523152,2.253707492,256.5583391,7.0054578,0.020555415,8.252884618,28.91677763,0.141362937,0.010826295,0.017500022,0.339337943,13.76515169,0.101343272,3.795819183,0.000426685,1.287020278,2.345475615,0.451220219,5.413158088,0.587717606,3.490078041,3.214544451,1.969086456,9.642360829,3.272126391,0.318741511,0.17527031,5.153254044,0.114049914,0.633658315,0.041837,7.874272294,0.091700858,0.019907102,0.232143529,0.092161789,0.000337445,0.042540864,0.046895703,0.08619845,0.031456904,0.216461683,0.102825893,0.156349873,0.278141569,0.106276454,0.003661142,0.002679647,0.003248505,0.012400108,0.064520133,18796.0663
S743,0.134362937,0.063282228,0.214484653,0.330361195,0.041925682,0.377034624,0.072012802,1.907806881,0.110022974,0.023328393,2.386452398,0.284057114,0.012428658,1.507021415,2.126448905,1.462841119,4.289093117,0.23155153,9.428073037,6.035665817,3.840359175,0.015039651,0.06986722,0.826264385,1.662193476,0.276946277,22.4419627,1.518887214,0.020724124,0.476511076,0.001585788,4.508553754,0.004586538,0.003536918,44.69178962,1.591689563,23.60343981,0.29900021,365.2704201,5.685036319,2.550617049,11.76704263,200.225602,18.58603386,0.936042974,1267.204263,0.024440917,0.025019079,38.29220635,0.108323139,0.000707179,3.281862453,16.46567379,633.7981393,5.526258501,111.8108422,132.069374,0.614757545,0.038633744,0.225994038,3.277356732,4.044790654,0.006387271,0.021176324,0.00442604,0.001972408,69.73670856,42.05804457,303.8936612,93.27220619,217.6916877,262.2038013,1.09833412,8.490256804,962.7998321,142.7282148,205.570799,1.773417171,4.232852655,1272.184625,8.3386904,1.196781808,309.0707237,24.33725355,6.161380876,0.023417484,68.68997649,0.025723192,16.76480652,14.18931004,514.200483,0.00245779,0.095071744,5.727882349,7.26967406,15.43232327,266.3285993,0.139332941,0.000919869,2.956501413,4.561772533,0.004771074,0.009687192,8.46564983,93.07254367,7.450685748,6.584776062,81.61445286,2.646778799,25.17224734,100.5853316,78.83739146,9.410224694,9.193470276,19.41801003,0.047220086,0.814027866,19.13482957,0.467195176,17.50825909,218.9299165,0.356832968,0.802698989,1.118643362,98.41761769,3.25777934,0.014627578,2.146130619,9.944925302,0.03740837,0.005788491,0.001461434,0.109148429,4.875308564,0.001642592,1.08656816,0.000551687,0.348816669,0.822764532,0.145027616,2.024196587,0.246975429,1.626020478,1.161290327,0.858057508,4.701747633,0.988446469,0.146639516,0.124306172,1.976492964,0.117696299,0.234038754,0.03245521,3.191386405,0.077171842,0.001744152,0.07461373,0.020666542,0.001293474,0.024588505,0.007484342,0.022598832,0.011532124,0.053466364,0.046989628,0.079474859,0.133697955,0.046404892,0.00215431,0.003271146,0.005452663,0.005057228,0.064915112,8652.975655
S710,0.511985029,0.159887038,0.667403182,1.291228231,0.194630515,1.236841254,0.237996258,5.786512821,0.378297175,0.078712463,2.542444755,0.85142607,0.010310427,4.088940494,6.065416033,4.630361736,17.27590379,0.765321867,27.51063611,14.51979985,8.703100439,0.031057212,0.199096256,3.244034491,4.248936724,0.800451875,130.3592841,4.540915016,0.057225251,0.750655886,0.006126264,0.065985059,0.040245239,0.012379781,331.7660652,7.571572059,180.1317402,8.613810817,2972.867181,45.02091366,18.34517919,89.80190519,1714.393183,180.0464109,4.921974849,11096.39107,0.090982659,0.56742886,260.955912,0.128129679,0.044512335,21.66052228,107.7823995,4476.533883,40.61035676,856.2962038,894.9467913,0.820544994,0.050673711,1.242394128,14.65721049,8.456008756,0.007660578,0.116156144,9.690862859,0.023207659,526.7494583,447.4273975,2421.502639,670.9427982,1631.021373,1879.317229,7.144398145,66.97363386,7147.102531,1157.446207,1582.626783,6.528662849,35.72291906,10365.44913,77.2692213,0.837732173,2233.070478,212.8450586,53.88770605,0.193625282,580.7429416,0.038790231,125.127718,103.9942546,3739.77748,0.050288421,0.320981332,44.89179322,41.66767723,113.3910711,2049.422774,0.047689332,0.012277404,25.31474926,34.10911622,0.014168164,0.034679193,88.78073331,811.7814363,62.35078452,50.3541386,656.8191724,19.57135049,188.0405336,731.4507243,625.8595839,75.44503442,66.9517182,155.2531875,1.085175568,7.921401998,137.0427144,3.488145151,131.843151,1594.403785,2.533366121,6.208391072,9.475370494,741.3601148,23.48375351,0.047440513,29.72995556,84.13526587,0.470089079,0.000549081,0.015435952,1.189270161,42.26495882,0.040868201,11.97089762,0.001588288,6.34355472,8.130851417,1.61948846,17.16789492,1.753770629,10.91849107,10.69048607,5.644406644,29.07331511,11.90798762,1.059046303,0.404775374,15.04148526,0.202889688,1.685070127,0.123537939,20.81773987,0.192798166,0.105758824,1.023994636,0.335083889,0.000854024,0.096960729,0.106257269,0.204626295,0.073104001,0.381579163,0.17778105,0.241547543,0.371723658,0.202710378,0.00547685,0.012324708,0.005336109,0.01659136,0.068120421,67477.01134
S709,0.385683599,0.111857655,0.385362145,0.777030711,0.095452379,0.727283054,0.127766883,3.364790631,0.215796575,0.04919076,3.162025388,0.652132006,0.006617108,3.419519571,5.122511848,3.327821297,11.96925032,0.517122449,31.69356031,18.09550182,12.23837417,0.023317645,0.147584297,3.144557982,5.084287527,0.631097222,140.6313254,3.699869549,0.05706357,1.582023873,0.006898564,0.10234914,0.041691632,0.009457153,698.3763848,14.25203511,342.3674289,14.70715024,5254.854565,48.34544579,21.59769373,128.3040022,2555.645876,168.2005463,3.981641897,15446.13782,0.0703449,2.746125321,991.0861632,0.43688548,0.019271573,38.52192149,419.3235676,14310.89803,115.5271003,1818.065423,3123.695051,3.775367935,0.070535778,2.644452161,8.814150082,21.98109559,0.011923558,0.173696848,0.013409216,0.062552083,2138.721573,1132.308719,6560.210827,2671.533107,5852.57008,6922.98017,21.67192161,190.0439318,21174.32839,2804.049847,4568.834596,8.368274745,67.19392045,22690.57606,113.6777211,3.67280962,7589.817782,459.3473711,95.39993123,0.225732173,3397.559712,0.098524367,599.6861127,482.4488997,14195.90203,0.128852096,2.04503614,233.32377,103.0436406,420.1885672,10436.57767,0.169306366,0.045108482,134.2084718,168.9467008,0.073885341,0.05640383,509.0114551,4057.371705,294.3446638,196.4631068,2629.087847,75.42618903,669.9204402,2355.166797,1624.988993,365.9312798,246.7167582,686.2399808,4.755958926,33.23349293,461.6749851,8.887033834,547.4259469,5615.389261,7.092788789,14.5287214,19.75178062,3259.780829,74.75046348,0.074048611,212.1319877,428.801586,0.020777588,0.390574287,0.026636281,6.722978286,202.8781606,0.697639534,74.37979355,0.00559366,39.55564163,40.97244534,8.31048347,77.95868703,6.994532469,38.43185431,50.30119234,21.34535692,92.55208956,64.48206136,4.856708587,1.594526111,65.81363378,0.552594675,6.43983386,0.367229512,83.78664257,0.538953977,0.652629761,6.127234871,1.804071477,0.001733779,0.350767012,0.450070092,0.74121239,0.233965547,1.305970433,0.563521855,0.703084592,0.941234077,0.775901848,0.017496121,0.03185568,0.032897059,0.041229234,0.058420568,186350.1073
S745,0.082924461,0.051346119,0.171064428,0.17695096,0.043052204,0.264467529,0.048733129,1.303670284,0.076350411,0.015285502,1.927000286,0.241307324,0.011922604,1.197704663,1.054534779,0.802781887,2.050580523,0.095807778,6.857256166,4.221362349,2.734013926,0.012719763,0.033552878,0.507127343,1.014689814,0.133498025,13.30889513,0.786161863,0.023654308,0.434142667,0.022752447,4.357119377,0.178969614,0.050797355,21.83416113,0.897408609,12.02165246,1.166932751,162.8213101,1.376398368,0.806767449,5.492869702,89.80272302,5.105337492,0.601246906,493.0162522,0.013643209,0.314216577,25.25351869,0.071901867,0.080115368,1.716195116,11.27074161,398.6076246,3.508574416,56.82290458,87.67526738,0.544676763,0.044094651,0.183548466,2.25586557,3.981931542,0.003692512,0.464183856,0.99370598,0.004239632,41.93224802,27.85912047,120.5310899,51.9374383,114.2430687,147.1054046,0.237652016,3.468404847,467.4174628,54.51169089,90.57255717,0.776700329,1.267287375,443.5191544,1.821590366,0.670816722,155.344642,8.354086121,2.014137721,0.009506448,58.01768597,0.032327457,11.68142689,9.665993885,293.4962921,0.003176307,0.184484806,4.258665866,18.3770818,7.42566865,194.4774312,0.181511483,0.001907911,2.71339627,3.379209397,0.093589134,0.042953868,10.69475557,100.6621503,7.498444583,4.627213948,65.65283017,2.106330441,15.08087507,56.49720625,33.96670282,8.851007363,5.635203905,18.52996999,0.12901357,0.806805378,11.31063828,0.199115603,14.60670276,142.0644028,0.180830292,0.280190043,0.381866902,90.55860727,1.756602106,0.00937992,3.141103942,10.72081923,0.105729324,0.050955547,0.023494203,0.172776313,5.37114058,0.031280754,1.601719491,0.001093388,0.651089126,1.154701697,0.251875247,2.792059471,0.267742243,1.28742008,1.633464669,0.968070437,3.510363713,1.797996938,0.158792667,0.116647876,2.470731244,0.098799218,0.367258681,0.021505423,3.988620639,0.063725431,0.01799319,0.136612188,0.024885406,0.003597063,0.037307422,0.044962098,0.040054534,0.029130027,0.194933176,0.090670357,0.118973572,0.195395682,0.101996965,0.008964994,0.003603758,0.026207915,0.033174553,0.065128002,4406.754176
S749,0.113786479,0.076518458,0.195762565,0.324529647,0.076051511,0.326605069,0.064745059,1.659948313,0.099554109,0.019316842,3.397059203,0.260818856,0.01354701,1.442956168,1.209162872,0.916710852,2.26521432,0.109293552,8.145527966,5.072764826,3.392223217,0.013763105,0.041801491,0.537764536,1.220372945,0.163752794,14.96719017,0.912211103,0.023150329,0.584251205,1.109429547,5.49740059,0.166585684,0.05556345,24.3859548,1.164000893,13.1937229,0.662528246,172.263406,1.446321324,0.84457819,5.826792925,93.76782723,5.000310372,0.607218417,508.6664056,0.011005086,0.315416375,31.80958337,0.089092988,0.00169231,1.950087574,14.22171747,483.8269918,4.039812371,62.23308225,108.9625343,0.649165159,0.079222136,0.197993348,1.828353286,5.84462962,0.003648711,0.363861857,0.002311934,0.002811319,52.31141853,43.11155223,134.5170365,64.02219163,140.0313538,178.2472926,0.14279876,4.201255225,552.3363689,60.90549555,103.7051371,1.063744089,1.355590772,481.0783893,1.899489469,0.504129295,183.7446567,9.471897829,2.108148454,0.012590441,79.92055488,0.014555633,15.27639809,12.59160271,367.4562124,0.002167036,0.096288039,5.533731483,14.63204373,9.116551033,261.9714957,0.250304054,0.016710172,3.296918793,4.449912806,0.168506873,0.022654931,12.79234314,118.7201103,8.772804604,5.104718531,74.79150453,2.336378595,16.56935399,60.53949955,34.88743721,10.39836651,6.264852911,21.52582455,0.134647931,0.851536542,12.32649942,0.199788225,16.95238771,155.9589369,0.180773127,0.291719542,0.375972647,106.170057,1.861772369,0.008496677,3.873641773,12.67646829,0.113296129,0.028272804,0.01991595,0.19779252,6.305732506,0.049600688,1.907662833,0.00583454,0.756685378,1.265915374,0.149225217,3.213500907,0.301449016,1.398978895,1.851594344,1.078332904,3.843104009,2.141890935,0.18092434,0.139428815,2.872163184,0.117221754,0.382509122,0.023107316,4.624679896,0.080204469,0.006130263,0.144297067,0.045147429,0.000518911,0.044273903,0.043272324,0.09951204,0.026348983,0.246692933,0.112762602,0.129698045,0.228286614,0.122375989,0.010102927,0.029698166,0.027440868,0.028857275,0.069504156,5107.354396
S748,0.104987245,0.049001434,0.152219444,0.212621871,0.034121209,0.275483376,0.055421462,1.365450135,0.076158764,0.016816879,1.811402913,0.22596086,0.008373844,1.198145523,1.094464875,0.847248962,2.097051493,0.102850596,7.618439214,4.749205784,3.194421401,0.010892618,0.034493274,0.53435935,1.105356336,0.146028593,15.52762877,0.826680862,0.009642439,0.503319471,0.001440296,5.53883136,0.22045242,0.034700153,30.46442165,1.123319097,16.2054141,1.409174806,223.3806885,1.461604677,0.991834681,6.991390296,118.0935743,6.388605257,0.87022115,663.7765968,0.011182731,0.003027002,42.20109312,0.071641244,0.002609696,2.160613813,18.65504974,639.2113413,5.163470184,80.1871751,141.3911443,0.66182127,0.038659063,0.216395157,2.375108011,5.865705797,0.004114009,1.800908797,0.002867087,0.004512424,74.96707118,42.7866105,195.7822199,92.50860202,206.413431,253.8347708,0.539992776,5.795190549,798.8063419,89.6332642,149.8797687,1.194285129,1.916064285,702.3811877,2.762252478,0.705811822,275.0641379,13.43928278,2.978330033,0.006825776,113.4195218,0.028622288,21.55864892,17.61809028,526.6179638,0.003417049,0.313638323,8.082250603,19.96600032,13.8936041,377.3458685,0.331864259,0.007079598,4.980193719,6.122468811,0.139176985,0.004046387,16.85730016,155.0873232,11.29867226,6.825658088,96.97437075,3.100804851,22.24762602,81.50221579,48.6962575,13.73943735,8.748099973,27.5683771,0.178046101,1.103015944,16.80608286,0.273594463,21.92909557,208.9487375,0.236629571,0.424725568,0.539382259,138.9588217,2.61639723,0.0105427,5.273741765,16.63792948,0.128026371,0.019451518,0.009295349,0.249306334,7.97063344,0.045092925,2.508913821,0.000447876,0.923888184,1.533637343,0.326662712,3.678076462,0.361358141,1.702801769,2.151101105,1.218769922,4.58104261,2.479918184,0.214455664,0.121231652,3.395888064,0.084499328,0.480723476,0.021709009,5.280241781,0.050309551,0.018612096,0.182109093,0.072850874,0.0018804,0.046007363,0.060126193,0.103424849,0.032740043,0.241531297,0.058197864,0.141582475,0.22835578,0.12360249,0.016331058,0.034946949,0.021534896,0.021375333,0.078208484,7030.400641
S747,0.580638689,0.109982945,0.386752116,1.085554683,0.128854361,0.837885447,0.154840762,3.633626309,0.254497813,0.063445294,1.8455395,0.512644751,0.010167185,2.323399622,4.832409212,3.722319973,15.30691298,0.776669716,19.32967749,10.34621165,6.277242269,0.02760857,0.152630594,2.627876867,3.878651544,0.674106085,91.25954467,3.47593385,0.056192343,0.776789332,0.00161931,4.634489285,3.750245958,0.005454636,249.552481,5.507485694,135.8461697,13.558932,2279.723405,28.43887145,15.42533961,71.51130558,1346.855318,161.2567413,10.63800436,8792.157132,0.099476879,1.648031266,199.5488082,0.268900684,0.001905821,17.88015844,82.89424655,3403.876097,31.12925411,651.2010196,693.1262688,2.147475102,0.100813938,1.104945964,19.99256846,5.987397063,0.007422375,0.002786503,0.001963482,0.006679865,392.2910519,305.8043527,1752.489882,492.4603297,1156.437409,1451.529408,8.335985686,47.37180705,5190.776575,848.1602798,1152.741999,11.51000981,27.64930182,7646.917978,61.75646019,4.808746201,1639.523831,153.4799127,42.33410562,0.168409632,587.0721946,0.070826334,103.1592307,84.66145615,2821.986955,0.002325482,1.929760586,38.92670302,115.1423473,90.06697365,1815.484271,0.948122402,0.049606089,22.15823542,29.01306225,0.151239122,0.01046375,101.1584236,797.0624606,57.75719777,40.24161179,540.2881661,16.3759182,146.0286031,547.5755958,449.1940564,68.58546777,51.23063246,135.3671828,1.164667821,5.558006799,103.5677316,2.639186509,110.6711421,1225.216527,1.848639924,4.632638629,6.893752535,651.8253703,17.57917863,0.035910864,42.54993852,84.45682659,0.553429065,0.241788873,0.079794491,1.367664931,40.97944698,0.250991424,14.90493786,0.000517359,9.136013272,8.722817151,1.916482163,17.07594558,1.606617279,8.663432496,10.84320194,4.922580872,22.23111489,14.3866361,1.035427459,0.412568456,14.47336802,0.206247745,1.510853713,0.103692161,18.74758925,0.166445167,0.192614604,1.433414252,0.430195666,0.006509171,0.122104444,0.117271693,0.215781113,0.076827808,0.401113517,0.171521056,0.202415737,0.307155931,0.241331426,0.013660002,0.023306056,0.012480899,0.021478625,0.114788766,51910.86784
S744,0.441499393,0.105933811,0.344736242,0.772745739,0.099982012,0.645314542,0.116573926,3.041358166,0.201200051,0.04528165,2.756971491,0.593036217,0.011735488,3.01639155,4.903625172,3.398415033,12.73441418,0.573058854,28.16486569,15.47714504,10.29760627,0.025470102,0.148930545,2.962628411,4.858133752,0.646832089,122.0050768,3.628542216,0.062011622,1.364420449,0.003963615,10.56088265,4.916687416,0.007609908,453.158182,9.533863082,235.4541113,18.66396463,3658.195891,31.23813045,18.31162717,100.8321971,1930.837298,159.4385393,11.70535397,11931.60658,0.069861232,3.646881783,580.5584732,0.480840041,0.001462089,28.04748638,247.4667365,8446.388176,69.39079882,1192.108477,1854.170791,4.095461373,0.197250813,1.870190413,18.28782404,16.98650538,0.022168468,0.003152067,0.002785815,0.006789978,1268.108847,745.2490349,3794.996252,1496.916941,3199.341383,4022.899661,11.96460869,107.0919183,11974.60909,1661.098991,2502.626005,18.93552493,43.66243004,13868.31666,83.701399,8.639580629,4103.520266,268.2083672,63.56264393,0.180670153,2298.51337,0.402986742,356.4547324,286.381298,7016.942232,0.006864949,6.311418313,143.7789701,2653.890388,216.3367635,6578.485251,0.002033192,0.006719395,81.24962053,99.83374279,1.152545104,0.029705408,356.3343899,2667.672958,186.9223768,114.0146652,1603.935625,45.66771814,378.8422794,1323.460162,948.7478521,226.3829551,138.1115604,423.7019941,2.726798689,22.09207402,261.2332553,5.166725813,324.6458717,3220.027817,3.893168862,8.218210439,11.87720955,2013.053738,40.5138575,0.046732949,159.4291097,285.034171,1.619954185,0.453193666,0.208618991,4.849035664,131.0540515,0.73966546,54.13116895,0.010543589,30.43024387,28.68994912,6.096290231,52.80382618,4.611746642,23.65945654,34.53245676,13.82106036,56.80287437,47.82441236,3.346333913,1.06724558,45.14149426,0.380397239,4.659376101,0.235295623,55.61981491,0.320951767,0.575126025,4.893094056,1.406206281,0.006749175,0.325369908,0.385621824,0.595811285,0.175370135,0.99747673,0.404117839,0.494710929,0.688138873,0.613656381,0.024564959,0.046294404,0.021296757,0.045089261,0.09028867,115631.7716
S677,0.26040894,0.103155545,0.150752731,1.04047269,0.088070799,1.024607727,0.112996944,6.036166129,0.253396285,0.042138337,4.824364783,0.613966771,0.007904491,5.729999751,14.08391915,9.214594177,26.2296944,1.483439338,54.84279978,39.0477385,25.10228027,0.046191387,0.362572375,3.579519641,8.312738303,1.796888531,72.44104965,9.621854808,0.149417602,0.596282649,0.001525221,13.99754596,0.003571062,0.002473354,65.12044275,10.47201442,37.20722,3.920559052,350.4798587,18.20754891,7.083402445,26.41143476,190.1306565,25.13770345,3.473552574,1132.100558,0.103144011,0.723529234,40.30916311,0.288843068,0.002831612,7.726988901,22.26344357,527.6500899,6.371729109,118.6098389,128.5675746,1.684454216,0.086926256,0.399303746,3.997473546,1.615161391,0.001502398,0.012867424,0.006070431,0.001048299,45.43788962,42.890445,270.4702398,61.65776689,166.964936,205.0592876,1.235002051,7.620515364,858.5625907,120.6347026,185.8672429,2.137953952,3.634449888,1272.710396,7.799409152,0.825072541,230.9029526,20.9459838,5.617872796,0.029139759,38.90015768,0.004739189,10.4295679,9.452529616,377.8283111,0.003470364,0.568374567,3.484978119,2.380739953,11.70182549,169.3872739,0.11542655,0.003405562,1.941768944,2.724347559,0.000968009,0.002366183,7.211334894,91.6518702,6.781371526,5.865312698,77.88598456,2.803002463,23.43118088,124.6991434,95.04318256,7.128360609,7.195034109,22.90882402,0.119085141,0.8669795,22.25097896,0.40593319,18.62211905,236.419009,0.314170294,0.750844581,0.948408031,106.1155833,2.7029296,0.011760799,2.088026264,9.400791199,0.140080819,0.005466671,0.002151746,0.087381865,5.397538703,0.00455142,1.177132786,0.000775856,0.78509511,1.544555237,0.363178922,4.675414383,0.512119653,3.248271534,2.627760063,2.062194371,10.37300557,2.822942684,0.161512953,0.113596485,4.451182798,0.089136585,0.729976373,0.019791632,7.830316205,0.070513658,0.014077094,0.170689763,0.062915633,0.000412192,0.033869426,0.067551828,0.117173411,0.065189242,0.272760366,0.1566331,0.22655229,0.345339138,0.15166508,0.009382578,0.001420263,0.018325647,0.010870451,0.052579845,8095.999805
S717,0.062466062,0.04218011,0.091302527,0.572685061,0.068735727,0.901541642,0.088435605,5.698303278,0.175920813,0.025341313,4.024212128,0.752267939,0.002397866,7.927181221,15.37149026,8.676600098,23.91355488,1.192669011,72.76364269,53.12133217,37.35044671,0.041600253,0.330503932,4.465843813,10.14105157,1.766369071,92.79206052,10.32301478,0.145975192,1.098028039,0.001636458,25.04238468,0.006372461,0.003258975,104.211904,15.91316612,57.06984504,5.962367267,529.1622232,24.53476567,9.191310647,33.4006357,252.1607825,27.52461511,2.194633323,1521.933279,0.09925796,1.547549148,78.32740347,0.443599737,0.008737529,11.47919294,42.44870272,962.0157132,10.17596527,186.2516982,235.6521046,2.666576703,0.125250466,0.574951095,1.4371273,3.637808887,0.00201395,0.023443282,0.003490449,0.002837292,100.6546801,76.9310558,529.8724024,130.0015493,350.5568826,426.5221493,2.31501203,13.96644948,1658.435513,218.7314724,348.3694397,0.345572919,5.79686749,2308.541806,12.02272295,0.629367269,447.2919493,34.00880525,8.113752945,0.03106758,97.02747743,0.003393967,24.13605725,21.24508158,817.8477414,0.00627126,0.073805991,7.732157886,3.897960419,22.42116867,394.9850831,0.207240071,0.00196357,4.328062414,6.0827972,0.001837204,0.004975251,16.66620411,208.428402,15.57596786,12.55993794,173.0062539,5.82423653,50.44384142,254.4040474,191.4331624,16.51397177,14.58315641,50.75456583,0.227043546,1.339859171,44.94997819,0.759875837,40.66417038,497.5606877,0.5792375,1.323498819,1.797316187,231.8978826,5.138754453,0.013831405,4.701296183,21.06052904,0.2938449,0.012537539,0.003426299,0.25927634,12.083538,0.032648764,2.619731908,0.001470821,1.57637181,3.364595684,0.778243458,10.3684848,1.103529504,6.953952124,5.743260797,4.589083303,22.17102647,5.880516857,0.326190835,0.182896129,9.675777257,0.124094683,1.590715268,0.041850492,17.19165373,0.09666608,0.008241983,0.331030419,0.143341593,0.000206777,0.062140923,0.089162919,0.236042486,0.137344318,0.555247798,0.317908521,0.465298305,0.739430325,0.284428956,0.000689555,0.009278382,0.018004594,0.029134408,0.06348722,14545.06886
S727,0.085099281,0.043695002,0.146299908,1.023670882,0.093408611,1.294426371,0.137383417,8.057618399,0.300916413,0.041465159,3.419902621,0.667879969,0.00314557,7.745872136,12.95943886,7.759004263,20.74593047,1.02756575,62.59372596,44.73055637,30.74329651,0.041048143,0.296278378,3.776341785,8.317651873,1.496077355,77.74417379,8.810812271,0.155971193,0.853382071,0.001707451,21.37075186,0.0036972,0.001926622,82.80618762,12.79183999,45.34719265,4.680844557,414.8308705,17.60311827,7.256466119,26.923394,198.9199249,22.01759634,3.129876373,1183.20474,0.079595942,1.151628241,67.15105623,0.322785155,0.00077559,8.673823076,36.86165862,782.7335529,8.26865886,148.9532903,194.8715244,2.313495962,0.101665433,0.375626403,2.821931679,3.370385554,0.001512361,0.014840835,0.00348585,0.00169932,81.79817467,82.59607921,400.1916219,103.9873781,264.8635545,349.6826599,4.596828797,10.78068598,1251.794666,160.1692326,262.0034677,1.952048358,4.182560227,1690.972252,8.759569446,0.857428613,341.0615558,25.79706452,5.954452071,0.022434426,90.03370441,0.003843781,20.20625346,17.75995752,642.8691601,0.004448597,0.065515404,6.496980946,29.89272808,17.6447968,337.6168625,0.011513593,0.001344561,3.530925703,5.194845321,0.001510057,0.003002132,15.87590292,192.9446687,14.72062261,10.46413314,149.9431582,4.854367341,41.37145114,203.4005413,150.8607857,14.75359217,11.88819624,44.40280833,0.17347903,1.470749585,36.12686622,0.616045701,35.25179146,407.0435286,0.422449336,0.979630895,1.322894638,200.1357729,4.090252939,0.010987827,4.706236761,19.41861195,0.002466475,0.004525145,0.002352496,0.241537676,11.19402866,0.002723587,2.463036391,0.000342996,1.700497339,3.215772498,0.74492435,9.680468468,1.014922302,5.96600682,5.441094865,3.984088607,18.60900371,5.820218472,0.274368785,0.12644501,8.898586859,0.05184231,1.371834465,0.0187781,15.71996347,0.046226483,0.014470327,0.346400315,0.13722229,0.000178717,0.064998875,0.09240954,0.259013462,0.12672136,0.554042859,0.300113936,0.43503662,0.635635188,0.31008202,0.007491808,0.01002241,0.023620235,0.032148928,0.06409777,11494.69556
S726,0.066406614,0.04324508,0.097107494,0.707912012,0.076515364,1.063640692,0.09756818,6.511906407,0.216957776,0.029249009,2.229544969,0.558252672,0.000395231,6.327228056,11.23573705,7.193281493,19.22380406,1.046212763,47.80603064,33.61410114,22.44384481,0.022731634,0.273292563,2.991569069,6.654351667,1.354042185,59.4097741,7.591021918,0.065495237,0.51439373,0.001178313,12.87472419,0.002828342,0.002886487,54.14908358,9.078860684,30.65080243,3.610838264,278.2354724,12.93145647,5.358887751,19.39277089,138.9302577,16.67683775,2.852443689,814.7362384,0.082135786,0.790631164,38.8377441,0.220341881,-0.001145833,6.122605349,21.08197369,469.3544005,5.193990415,97.77520938,116.6267523,1.287789585,0.00396241,0.246916536,1.778667455,1.765761258,0.003402379,0.015706299,0.001415486,0.003612994,44.35811914,23.63317651,238.9573105,57.8598403,148.6010553,195.7604948,0.537151387,6.651762085,729.4182404,99.24897228,156.1557093,1.638204618,2.780359181,1047.076688,5.874101119,0.367951113,207.961483,16.15488449,3.939729259,0.016510574,44.34037576,0.009099645,10.53393594,9.573746595,360.221268,0.004018125,0.038661797,3.630737359,2.41179434,9.693556085,175.9657619,0.076331295,0.001052902,1.998562373,2.774703325,0.004440831,0.014734808,7.825941426,97.20754324,7.417426761,5.701599994,79.19118045,2.623879655,23.25062947,114.3814752,88.03170496,7.629498913,6.560558709,23.30719547,0.065668938,0.435989142,20.22465576,0.348018033,18.51499473,223.4779273,0.25655288,0.598294365,0.789092827,105.1728929,2.329694222,0.006869369,2.365633595,9.762256624,0.071342988,0.004478058,0.001689236,0.054973611,5.573833517,0.012797745,1.241087604,0.000267759,0.82888377,1.682849949,0.375669739,4.918521281,0.538782739,3.201619994,2.812253188,2.112097933,10.17051078,2.899210533,0.148369769,0.080005321,4.557337386,0.038888607,0.750327743,0.014562516,8.036782382,0.036453035,0.001220257,0.177813546,0.063039444,0.000735025,0.044244569,0.06172693,0.12472779,0.075701487,0.300263474,0.160217443,0.220505433,0.363096577,0.1682028,0.001664144,0.007639048,0.015657708,0.011743562,0.064949945,6907.9315
S728,0.119277241,0.046396722,0.168001975,1.893588511,0.181762915,2.797366336,0.246007179,16.38464834,0.588701481,0.065563672,2.404687571,0.909725067,0.004641583,10.07036159,23.89457063,18.7262973,50.17598821,3.139677616,70.64095386,47.32124536,28.58856101,0.083041708,0.693163519,4.980114175,11.48332901,3.298661125,89.61625692,16.39421038,0.2062024,0.591100455,0.001424316,13.44907554,0.003606787,0.002377363,57.21146791,9.887262586,33.52912625,5.105804232,308.5422815,21.23300253,7.441457128,24.88293962,168.5020642,26.75095096,3.504131119,991.4124087,0.161892774,0.751331914,38.16699475,0.255238695,0.002159463,7.112935609,20.48038915,469.8485721,5.145894487,103.6656614,115.7756638,1.390695517,0.082367847,0.301829788,2.552697249,1.794438021,0.001551658,0.009776244,0.002024863,0.000957974,46.94176115,21.62378215,244.3836387,60.81200084,157.4248739,198.8599253,1.009763358,6.933614826,754.7690037,103.5309818,161.2368023,1.72732531,3.052680069,1088.544791,6.889745554,0.45577567,212.1071663,17.15425339,4.509305545,0.021639769,46.75215378,0.004090574,11.45049669,10.17542234,376.9043164,0.002268709,0.016274875,3.702063376,3.32552422,9.902992488,187.8158288,0.003681462,0.000766503,2.108379032,3.034614138,0.002322947,0.003691185,8.974919318,107.7262247,7.996700968,6.23382279,86.84663942,2.932973127,25.00528194,121.8378528,90.65915807,8.383482798,7.126251861,25.46823172,0.11928846,0.481631546,21.62031622,0.358208423,19.92089358,241.3943295,0.280102857,0.648856571,0.853654765,115.9087248,2.49351817,0.006768419,2.766186264,10.84150912,0.158475694,0.00208892,0.005296546,0.117016926,6.2438774,0.008432796,1.441138072,0.00034528,1.09697941,1.901781654,0.462483025,5.628099496,0.598529643,3.523347545,3.164737665,2.284247263,10.99784881,3.519499034,0.170354522,0.115535897,5.05803423,0.090894105,0.781402749,0.023650625,8.85108377,0.060516317,0.014260507,0.221431791,0.084454561,0.000187908,0.059981589,0.078400758,0.157601763,0.076322829,0.36797106,0.181379612,0.260905654,0.39334471,0.192028358,0.000468452,0.013137886,0.015627441,0.016243515,0.05865605,7567.253906
S750,0.155727179,0.091634234,0.242825123,0.405762122,0.065632712,0.454109326,0.0840255,2.319822853,0.128600063,0.024992864,3.717537629,0.358121722,0.014945029,1.694961691,2.585211563,1.764746446,4.884081863,0.283756642,10.13020378,6.621533368,4.02704902,0.007491518,0.074216714,0.846870764,1.59286528,0.343835529,18.81244745,1.741200713,0.027532463,0.353854922,0.00109931,2.248917071,0.412933335,0.001824242,32.24753113,1.5257479,17.89443212,2.365737143,269.8989177,2.118423415,2.235441389,9.650444007,151.8161065,15.66375502,3.142637465,949.7761387,0.026497935,0.051096279,19.77440165,0.074068278,0.002223058,2.61936877,8.880436156,364.7383648,3.80171655,80.4173365,73.52626111,0.510319312,0.040977827,0.185295018,6.139636007,1.44784133,0.004616736,0.007517045,0.002559747,0.001882866,30.75315952,29.59557096,205.0446185,45.74154759,121.4397132,131.8778176,0.318420784,5.93257338,586.4640684,100.2021267,135.2813747,2.274033799,3.265709734,919.9530451,6.623465872,0.205837502,183.0988823,18.86041178,4.901868313,0.026343325,18.26735616,0.009826924,6.007747141,5.473587036,230.8969592,0.003457964,0.132402747,1.967355833,40.16138092,8.485904101,84.00644645,0.188145039,0.006551656,1.181085112,1.667594026,0.002448844,0.005444101,2.846106777,34.66386769,3.035387473,3.53193175,38.24813272,1.421000588,12.90989565,62.36761434,54.50586211,3.764977055,4.963532621,8.545240186,0.13148434,0.773972974,11.44357136,0.357287841,8.036222839,119.7210576,0.236227692,0.603204671,0.812157251,42.08353015,2.048622102,0.021129273,0.598072179,3.702203493,0.028827069,0.015603721,0.018347549,0.02742079,1.979286516,0.020279712,0.356655225,0.003058364,0.153217269,0.350197318,0.060161221,0.975503051,0.131390541,0.999058954,0.551697326,0.528975076,3.24932635,0.467508423,0.062452498,0.043173999,1.006904422,0.043166969,0.140156681,0.005811107,1.825330964,0.034936342,0.003316234,0.019767533,0.011293742,0.005333807,0.014057243,0.033112228,0.011915108,0.013978051,0.048177694,0.017003119,0.050286812,0.097133231,0.033401179,0.004772958,0.023003131,0.012473423,0.018689003,0.084606626,5452.385443
S751,0.129861748,0.109216522,0.245964009,0.471419734,0.074813393,0.405171955,0.082268288,2.052603268,0.125070952,0.023812053,3.961276368,0.300854212,0.016329716,1.56073578,2.377541891,1.655738531,4.47093355,0.264724369,9.655654843,6.275155251,3.968035678,0.010666612,0.071836436,0.775671861,1.534781168,0.298953542,18.21170455,1.599191624,0.114862635,0.422151021,0.001945805,4.61188358,0.420543482,0.073131791,32.39818568,1.398065178,17.7388275,1.688391797,264.923702,3.906155278,2.205327998,9.531243546,147.3162838,14.89108298,1.745075327,919.9955114,0.028322267,0.129442328,21.14118531,0.051865435,0.002354107,2.632933384,9.438407939,384.3093758,3.877308007,80.05821767,78.32469636,0.558228629,0.0627956,0.203700952,3.382202849,1.831672416,0.004750217,0.006320302,0.003418246,0.003304173,27.71729044,34.08000421,180.598698,41.50053152,104.128338,122.6923975,1.175838707,5.235758995,517.7503088,86.23183427,117.3175024,1.401035065,2.685321062,792.0583676,5.618211754,0.109327729,158.0535304,15.73538279,4.068132275,0.01767222,17.4367817,0.004672498,5.56775038,5.005338323,230.2461256,0.004129788,0.124833002,1.878320525,2.51106798,7.71938125,78.15674161,0.002379257,0.00225354,1.073096078,1.489380523,0.001564422,0.003645513,2.881988497,34.86140652,3.042539422,3.468824232,38.7894933,1.34989315,12.77462514,61.71173484,53.72700921,3.761966873,4.834854792,8.595856556,0.102831505,0.734053775,11.42063326,0.316626107,7.995295364,119.4708629,0.230258685,0.553928068,0.809260233,41.92008791,1.955669158,0.013134379,0.619001873,3.686699242,0.020188503,0.001039894,0.001667835,0.019440345,2.024586612,0.002777316,0.36227077,0.000913421,0.142115231,0.354808409,0.076847618,1.059702212,0.134512292,1.031021579,0.549558252,0.567937704,3.380781532,0.470848305,0.064118482,0.060504592,1.025433158,0.064331371,0.156360282,0.01831269,1.885429802,0.044509306,0.013057014,0.022755603,0.005998644,0.000696415,0.0031424,0.002791407,0.015351603,0.002286064,0.036924996,0.017893266,0.031725139,0.106330513,0.003583969,0.002888017,0.015557318,0.007697516,0.010307825,0.085820104,5073.099167
S752,0.197580768,0.135289473,0.241628425,0.620699624,0.143790413,0.558123538,0.103680756,2.705921824,0.150599634,0.034271309,4.691278668,0.424637478,0.015850468,1.783658384,2.874287241,2.01117529,5.469288895,0.339701164,10.88174923,7.237743568,4.363393905,0.002403981,0.084814984,0.914486783,1.732263133,0.372872759,19.91487763,1.897054428,0.24607538,0.426650827,0.001817625,4.400344228,0.459158558,0.074519136,31.32306438,1.585766959,17.72544196,2.013562651,260.9316117,5.041813964,2.309726889,9.884985541,150.5162661,15.91563457,1.211150482,935.2458174,0.026964538,0.005639606,17.77061881,0.003480829,0.001595186,2.69377981,8.085165852,339.4649608,3.662562265,77.39764091,68.88926495,0.493622968,0.09729366,0.218869853,4.455270835,1.344656397,0.003706299,0.006963188,0.003127494,0.003396021,23.45812941,23.5895837,165.4862579,36.23992232,95.54214404,102.9796726,0.119559683,4.764376264,473.1879984,83.41942672,109.6987318,1.382299679,2.823803636,765.161366,5.999551983,0.141912857,147.8122307,15.98890874,4.308311987,0.02058798,14.12119535,0.003774873,4.682324093,4.293513023,196.5633087,0.003871311,0.049711179,1.571799218,0.534945515,6.759591871,64.6956598,0.003674667,0.001274032,0.905494775,1.350582588,0.002150045,0.003722827,2.113491967,26.22050582,2.30661807,2.733739604,28.79232422,1.079574757,10.08523959,49.04552821,43.06140517,2.822052574,3.876753223,6.500416689,0.088012702,0.506039473,8.935710445,0.287818866,6.295269632,92.42808746,0.187783174,0.504578538,0.67730049,32.23001783,1.631051914,0.009626434,0.476725605,2.836291507,0.024475666,0.001256076,0.00122691,0.023735509,1.4941845,0.001197531,0.27929605,0.001108609,0.066038989,0.261213056,0.05609989,0.751312533,0.096003235,0.763748325,0.425641295,0.41506819,2.572648576,0.351921464,0.031863096,0.023139745,0.744568903,0.040121599,0.115536134,0.010508,1.43892279,0.038722853,0.001629269,0.017754404,0.00169856,0.000640884,0.016525002,0.008068597,0.008685217,0.011523768,0.030071808,0.033192582,0.031471916,0.082046924,0.010477727,0.005611072,0.018162929,0.0262425,0.011163062,0.054855337,4727.647828
S712,0.131626164,0.042142159,0.162720699,0.393618913,0.039353464,0.396603207,0.070243317,2.055146887,0.115154594,0.021579761,2.519885727,0.298753403,0.001449381,1.897687059,2.366259175,1.692889242,4.233630233,0.200483354,14.00541235,9.220997876,5.953972684,0.022120421,0.069329414,0.976587888,2.01822761,0.313686955,23.07895329,1.7566155,0.03435348,0.559321407,0.00067384,7.02033394,0.001645901,0.006656728,37.60292445,1.674572188,20.1458026,1.43251125,268.9560276,4.553136599,1.526330127,9.344061109,146.160615,9.076926904,0.161896172,820.2341932,0.018354263,0.035406867,42.44158552,0.079192053,0.000937361,2.610942821,19.20818979,659.788663,5.714373652,94.21731732,141.7477858,0.761313623,0.042279765,0.189636873,4.581992224,6.214240782,0.002485582,0.014883058,0.005428552,0.006439097,66.59810852,30.12611156,210.4072635,89.64469759,200.2276462,260.1182388,0.172315764,6.320823548,844.2957408,98.81103717,163.3477624,0.138470968,2.211844271,785.8229087,3.33135575,0.266848674,279.0010253,15.48253709,3.518588934,0.010679737,85.49510135,0.005445004,18.28063817,15.813934,398.3729608,0.013271033,0.131497559,6.331542494,20.14192937,12.85276252,311.2277761,0.011973344,0.001313529,3.686239107,5.361061734,0.033648166,0.00774671,12.44956326,125.4898305,9.463683658,6.573907012,90.30554826,2.974025976,22.04543564,86.15000502,52.37773525,11.67227237,8.566645966,24.33983295,0.16576029,1.035081195,17.3872267,0.30033469,20.36801895,210.6178621,0.26535642,0.465151464,0.58036145,124.7366571,2.792190167,0.00901836,3.208609199,13.3879787,0.03486134,0.02091229,0.013946761,0.086928572,6.630609506,0.024480125,1.67099875,0.000723464,0.667869479,1.314563419,0.260446544,3.411162106,0.338782163,1.848893313,1.948169212,1.310595094,5.192189342,2.042061099,0.157647661,0.078532533,3.183791422,0.053281703,0.453043135,0.020410065,5.463214737,0.048948531,0.002008029,0.139570521,0.047027694,0.000529583,0.03314886,0.033354853,0.093424859,0.052629755,0.208121456,0.109849671,0.154207324,0.258184234,0.106284465,0.012135533,0.009620874,0.015130511,0.008704647,0.08432221,7203.224818
S713,0.325482261,0.080750074,0.260415439,0.790372737,0.066030874,0.598413221,0.091222539,2.932970478,0.158345274,0.039568346,3.196995844,0.321339663,0.004361752,2.078194152,3.740703356,2.904214802,7.711901522,0.523107251,16.99842436,11.41350132,7.271720282,0.013156987,0.11363287,1.237265151,2.554587866,0.502835703,29.27829886,2.664991358,0.033388417,0.829097817,0.000798358,10.0772917,0.002501693,0.001499724,52.72637966,2.488609128,27.63159442,0.138823049,367.1246646,6.85356396,2.249589052,12.57583857,197.4146212,13.65654512,0.487752951,1114.800098,0.029905692,0.151357239,63.62612584,0.023783254,0.001761601,3.692968975,28.17536771,940.4237237,8.047886563,128.7363235,207.2380942,0.964251981,0.098620964,0.350873971,0.352834058,10.97472142,0.002350112,0.014923045,0.008526025,0.005700331,90.25713172,53.28588768,267.7685891,116.0197542,257.4724383,325.9006031,0.489854316,7.769352106,1039.78344,122.6655549,205.2138133,1.88631481,2.851707306,983.8632471,4.367285486,0.506565441,340.585876,20.24893369,4.443396893,0.016652896,125.2631628,0.025242012,25.27722165,21.46595727,515.6575876,0.008740143,0.470088742,9.115531951,22.58262328,17.45766437,437.9594455,0.010244246,0.001121989,5.4657704,7.275914794,0.00322883,0.005590625,19.82184885,195.3713376,14.60409769,9.444158801,134.498088,4.240470029,32.05929506,125.3851249,76.42461973,17.44813033,12.24385291,37.01505263,0.130906591,1.463519496,25.28719467,0.421690964,30.40659214,305.1824013,0.377283809,0.66533846,0.863742112,186.454532,3.884163088,0.00828117,5.473747004,20.78198309,0.032855946,0.009244722,0.008539459,0.187268695,10.35540472,0.001619097,2.885180231,0.000201185,1.094591785,2.001305717,0.434520496,5.24221826,0.549851546,2.758108331,3.053970721,1.948928848,7.878913072,3.243924469,0.245689436,0.122114475,4.863670598,0.063149191,0.698323819,0.020623942,8.290941123,0.047354555,0.006156603,0.21440645,0.080862988,0.00020951,0.025011513,0.058218527,0.130226336,0.059711473,0.352714769,0.160877049,0.234232141,0.394676916,0.171301101,0.000578372,0.011298239,0.015073987,0.017185268,0.072986728,9651.328791
S844,0.336268997,0.073606646,0.380035879,0.089374749,0.013392052,0.071332131,0.029056161,0.273819869,0.034855057,0.00873237,0.187429074,0.018735079,0.000347021,0.102650373,0.083066379,0.088018211,0.170766486,0.019691832,0.291541582,0.153334889,0.11071637,0.000402527,0.002019569,0.030584618,0.056111765,0.014412889,0.492863257,0.066380874,0.026379167,0.027809266,0.000398753,0.173386314,0.005103442,0.001285935,0.852062467,0.025047261,0.536274022,0.016214293,6.444970207,0.100028687,0.04930651,0.271911927,3.348009451,0.383915739,0.03317916,19.5779039,0.002974499,0.003895503,1.178986657,0.001923154,0.00183881,0.09548485,0.489585774,14.77522977,0.12678704,2.068366655,3.270945031,0.000842077,0.000901303,0.000920941,0.05728876,0.151035328,0.00113744,0.013631669,0.000809387,0.002396835,2.42973219,1.025682797,6.46837205,2.89204947,5.714825699,7.668323774,0.003515348,0.170191339,21.06582118,2.826125294,4.304012246,0.008278685,0.051578153,22.17650812,0.147249729,0.00943935,8.014721869,0.440313317,0.129043752,0.000798739,4.810662209,0.003727966,0.75786763,0.644983817,18.0987109,0.000990934,0.022563021,0.270393401,0.19533797,0.385071996,11.94562385,0.001149141,0.000933163,0.188664252,0.198359064,0.002020284,0.001282357,1.27590022,8.698149412,0.657613429,0.301342127,4.553931836,0.166805345,0.961574148,3.409493886,2.27761656,0.735391815,0.336808179,1.377692527,0.074459074,0.051891175,0.666210758,0.017692162,0.987618599,8.437440304,0.002779046,0.020269234,0.026716329,6.106098928,0.106279236,0.000608007,0.648834009,0.94086513,0.001161953,0.001133275,0.0044162,0.001566633,0.465220097,0.00146355,0.226221823,0.002265972,0.240624913,0.114819612,0.002468814,0.332100585,0.001319554,0.095316523,0.163157132,0.075318598,0.224998439,0.402009768,0.009333021,0.000606047,0.157882295,0.018908624,0.002297218,0.000953117,0.341914949,0.009491272,0.012904007,0.020062232,0.002577214,0.001039826,0.002323012,0.002503649,0.001080751,0.000721081,0.033818583,0.000756293,0.000694499,0.000691712,0.003057442,0.000860764,0.001379664,0.001656459,0.001559098,0.008131838,226.2255093
S840,0.067505113,0.044469092,0.034573008,0.050096355,0.008018024,0.021137613,0.004440738,0.100561107,0.009436745,0.000330797,0.152317055,0.012455516,0.001064803,0.043090896,0.091222465,0.061344405,0.163188495,0.019388222,0.216582951,0.158010853,0.144821072,0.000792639,0.001590745,0.02377347,0.060034674,0.013040075,0.434985712,0.055420028,0.000405819,0.0273805,0.001177815,0.169882316,0.001076734,0.000422035,1.165305606,0.055245765,0.602799406,0.025266493,8.163028932,0.119770226,0.009943171,0.252712642,3.901090207,0.446560063,0.044606159,22.70763759,0.000749798,0.012765492,2.122812075,0.004847802,0.001854077,0.021594971,0.877814101,23.56880782,0.166191535,2.691288825,5.327320097,0.001698134,0.000908786,0.000928586,0.041858245,0.578888304,0.001146881,0.003927098,0.001632213,0.002416734,6.889163836,2.033304667,11.49094042,5.704227481,11.66776231,16.96756398,0.010718392,0.399759018,36.74825094,4.176517389,7.245125755,0.077128138,0.106480275,35.68777694,0.193256726,0.019187223,13.21382283,0.62526957,0.131152618,0.000811793,19.59873399,0.001262964,2.108725175,1.760289072,46.13235089,0.002014254,0.001910979,0.806537081,0.218017867,0.77121916,36.85986928,0.00116792,0.000948415,0.785397574,0.641564586,0.00102665,0.002606627,7.00766481,37.29942047,2.534343494,0.861424443,16.38377534,0.38007837,2.798316252,8.301767003,4.842030314,2.524560017,0.810759173,5.140156037,0.001314756,0.139595003,1.566151064,0.017366209,3.000368962,23.45564329,0.019255382,0.04132561,0.059500099,19.33026467,0.209063516,0.000292553,4.045618796,3.614663673,0.011181819,0.002544697,0.000708306,0.070858056,2.271364982,0.000704209,1.205026594,0.000363436,1.633108865,0.84822048,0.256996803,1.871097488,0.0476951,0.330093221,1.137686301,0.28865884,0.808085274,2.301645858,0.009687739,0.005841464,1.017754878,0.017801483,0.080449397,0.004134037,1.463145352,0.000795503,0.002985048,0.273857253,0.056637064,0.000501126,0.115715074,0.080260893,0.100207627,0.000711264,0.294046319,0.054457754,0.032197085,0.034797049,0.124653851,0.002547137,0.002662336,0.001598235,0.002256443,0.018068697,499.4678482
S841,1.138403563,0.215546301,1.279473522,0.325954523,0.061861683,0.227027785,0.081663972,0.884746631,0.098747886,0.025881516,0.905991823,0.082459283,0.005862568,0.288385031,0.303657849,0.246077688,0.607972881,0.070627333,0.903800065,0.530009096,0.34764062,0.001082782,0.009778655,0.067116472,0.159995501,0.044358794,1.353539688,0.197358861,0.062458926,0.018602596,0.001430179,0.311314637,0.023533927,0.001153044,1.968749699,0.08360248,1.163832779,0.109102951,16.37331972,0.369019382,0.142548945,0.671238861,8.964412814,1.174313414,0.066317501,56.40755572,0.000696719,0.001824894,1.603027162,0.002702773,0.000861412,0.168054751,0.69073375,24.92143516,0.264992482,4.854741511,5.207190596,0.001577922,0.000844452,0.00086285,0.120574667,0.104593253,0.002131386,0.003649094,0.000758334,0.002245651,3.131088872,1.630277634,12.36214404,3.833085277,9.281244134,11.37445685,0.011538648,0.413208538,37.56295393,5.868538273,8.542216564,0.209625257,0.19499521,50.05119585,0.422978997,0.05311434,13.94280372,1.024304779,0.279596805,0.000749072,5.175493617,0.002330769,0.85593732,0.822717634,26.02822336,0.002787944,0.002645001,0.378912217,0.245004454,0.703908618,14.4747749,0.001077684,0.000875137,0.195333671,0.291073847,0.002841987,0.001202618,1.362504876,10.58716588,0.82083081,0.449694248,6.092629935,0.214108779,1.514457266,6.340260964,4.31339019,0.897805352,0.527508151,1.87577645,0.092526009,0.065493376,1.167772106,0.024602717,1.472872601,13.46927072,0.016562317,0.043740713,0.055486336,8.341288644,0.188409247,0.000274512,0.694129683,1.093853509,0.001748713,0.003069996,0.001329257,0.00141465,0.570298889,0.000660782,0.255990611,0.001023072,0.24051084,0.214975514,0.011361296,0.526239823,0.020039197,0.215572472,0.291731279,0.139469415,0.677542099,0.465217847,0.004625369,0.001673389,0.379123404,0.014165399,0.070477449,0.000877234,0.629970336,0.013293335,0.000950133,0.009482011,0.002846433,0.00287112,0.002163746,0.003497996,0.015099819,0.001343287,0.064166601,0.002113322,0.02070028,0.041234409,0.015188383,0.002405247,0.002564691,0.00076981,0.000724562,0.017154125,412.3863794
S842,2.348673709,0.803580491,2.370055599,2.639928739,0.566219264,1.632624476,0.436011346,6.238923008,0.839091386,0.152360633,8.709727176,1.134245895,0.059568037,2.152727899,4.44332854,3.895736659,12.28845072,0.963145509,14.32982569,9.023337246,4.920099608,0.018808073,0.332390388,1.677814894,2.85275761,0.631140833,56.38127387,2.857271092,0.040654116,0.415523584,0.003639436,2.103119701,0.011496207,0.007118706,144.9824208,3.364613182,80.58640687,7.321949001,1335.808564,20.34500792,8.449049765,45.98942373,813.983859,87.28739257,3.879118054,5241.543195,0.056312706,0.045659397,97.59156936,0.011311485,0.015680844,10.91383014,43.40278571,1954.938108,19.719716,377.4636286,385.8939135,0.622422177,0.005949313,0.591688179,5.003371727,2.399775195,0.008059382,0.015395221,0.005166035,0.010040633,150.1398466,95.88212204,737.6078842,216.9736056,567.9146491,604.3167632,0.987854801,20.78292928,2578.357673,399.09809,584.1846476,16.68608473,14.70846711,3425.335838,27.35846607,2.411597124,976.8043501,78.40991656,23.62024749,0.080072799,210.2738878,0.011561916,43.33849169,36.50171225,1358.182411,0.019029005,0.099528831,16.43844562,9.604610323,45.52788273,732.2167391,0.015925352,0.002088437,9.452612512,12.54167484,0.004379147,0.024775783,42.26822861,392.5301987,29.00425707,19.33670562,230.3740263,8.821475369,67.92134415,281.953129,205.650439,36.65330009,26.66570685,68.54754784,0.458854711,3.186224075,53.5214343,1.366579832,61.64366502,610.6523662,1.17983913,2.492772304,3.510718631,352.8245253,10.70736641,0.006082885,19.91309608,42.36139866,0.057306491,0.014287589,0.005560551,0.795281027,20.69607849,0.004730622,7.919337453,0.00143113,4.483801055,4.337449968,1.195922161,9.09547684,0.935838248,4.233577634,5.553991176,2.785968902,10.41466263,8.4720531,0.535047498,0.227090235,8.10251823,0.0820215,0.748425171,0.048988246,10.93716174,0.082787679,0.057338077,0.784380303,0.261081068,0.000862015,0.0429342,0.090442222,0.157072868,0.006057778,0.34093057,0.09530381,0.146445007,0.207454383,0.211476986,0.026755613,0.001176536,0.001412579,0.000664777,0.031890282,26513.23467
S843,2.210532086,0.355428936,1.708053658,1.655132418,0.150875462,0.984826853,0.273754601,3.891884997,0.406656855,0.10674648,1.08869794,0.372379059,0.00029144,1.477348936,2.348611419,2.126616293,7.570162013,0.534782164,7.08891313,3.795934078,2.102682095,0.004391897,0.097351197,0.8263507,1.194654874,0.348980416,31.62685774,1.649738345,0.001898728,0.144313787,0.002602276,1.147464514,0.00853933,0.003883384,58.96446133,1.277151274,34.38143602,3.82361208,568.15413,10.5135686,4.330813528,18.84891625,354.2670555,44.63071923,1.619488676,2229.372077,0.0286676,0.041596861,39.97115965,0.003309363,0.00471405,4.501492032,18.23081608,759.2496618,7.422182189,156.8356936,152.4524679,0.271193203,0.00386949,0.11814501,3.187776708,1.304169225,0.005412545,0.008864902,0.006303098,0.003082833,71.96860838,44.89409522,322.7862022,101.0243814,239.4153337,278.5916814,1.375399763,9.098049785,1049.205361,166.3168089,231.8724015,6.491308472,5.586368825,1446.863044,11.79520868,0.296495925,394.7554235,31.01490622,9.074209522,0.040517268,112.7244429,0.008562734,21.18130719,17.49516932,634.4839361,0.007676472,0.032828756,8.304442261,3.422093681,16.65114194,358.2330235,0.008892323,0.001637191,4.627739905,6.065961991,0.005094136,0.019129031,23.45165922,210.2922588,15.08263563,9.139455744,119.9435078,4.264618474,32.15878939,129.7536237,97.17511171,19.12159895,12.30815493,35.20483162,0.295143363,1.677586908,24.56758448,0.605633963,30.1372124,293.9133544,0.475144857,1.071296586,1.485895763,178.7648053,4.619582491,0.000667544,10.9839087,22.17092573,0.009274368,0.008950007,0.001952923,0.382848613,10.67830025,0.004167001,4.204459903,0.003445485,2.406563068,2.381575182,0.692214228,4.940785776,0.475190297,2.189059262,3.10067084,1.468862952,5.353098661,4.747115516,0.335842101,0.104308876,4.266482015,0.046575021,0.398085627,0.015563188,5.849824641,0.046621574,0.067425886,0.439818388,0.155136923,0.000917785,0.046898312,0.049421901,0.113457948,0.007764054,0.228145005,0.012893374,0.061692168,0.060823929,0.138082009,0.211620506,0.003668125,0.001468015,0.000690865,0.016858993,11491.27384
S850,1.412598362,0.298549042,1.264954639,1.394691089,0.177416726,0.929494939,0.186012443,4.395743946,0.27055915,0.066408387,3.994820015,0.344796015,0.008556004,2.205465023,3.459698525,2.788583836,6.71972902,0.588609072,10.83489833,7.382603324,4.122955785,0.002009612,0.098095927,0.932672872,1.866525152,0.481953754,12.90792404,2.154962969,0.003081053,0.107396598,0.001642006,1.741983063,0.002164993,0.002149591,7.543378741,1.0138396,5.203439529,0.680524611,54.65441397,2.367455946,0.975541561,3.764668723,35.85080458,5.297082092,0.62141045,208.9391836,0.019023199,0.117068426,3.142877318,0.01711239,0.002453673,1.079708611,1.768791216,55.62008024,0.760211128,15.43437791,12.59020925,0.211405063,0.002641124,0.039675821,0.460469223,0.317504508,0.002115281,0.002327115,0.001069894,0.001761322,3.048326439,2.446174704,21.36025399,4.269612304,11.6047259,12.09952318,0.035778566,0.615568202,63.56872586,11.86529322,14.9732604,0.618480273,0.529057238,117.1378963,1.187136045,0.131002043,21.26574368,2.660776682,0.825309602,0.00869364,4.823973195,0.004307681,0.843006803,0.646059014,24.94246476,0.001995033,0.002512521,0.267908396,0.526222463,0.94270733,13.31399429,0.001048366,0.00169631,0.200054698,0.214868693,0.002113867,0.001555479,1.135092583,7.251747817,0.563642314,0.391447119,4.109322009,0.184754726,1.110845567,6.043613072,5.564256577,0.581945501,0.471082336,1.281709128,0.016427501,0.061250768,1.123052345,0.050529369,0.970551447,11.53127504,0.023217389,0.070457845,0.105360794,5.906605565,0.199203412,0.008333359,0.797844164,0.803342254,0.00212988,0.002393354,0.002940585,0.007145628,0.448503477,0.001183343,0.238163744,0.020603815,0.314843892,0.113113106,0.038050002,0.317135774,0.017570301,0.128132211,0.20391157,0.101645795,0.430470103,0.453944435,0.012704226,0.007757927,0.235867208,0.024318289,0.010204777,0.000363356,0.407602885,0.014043341,0.068602887,0.051882848,0.018397942,0.010500099,0.181318069,0.117475348,0.110173615,0.009883206,0.080776508,0.009439584,0.024250704,0.026450499,0.125187145,0.17121335,0.161564706,0.105525628,0.05906529,0.12340422,884.0069232
S867,0.170199828,0.181628986,0.198898017,0.534421098,0.171201985,0.320322177,0.081025036,1.47058003,0.143350379,0.032149313,4.71590144,0.171891563,0.00799735,0.597948517,1.126266269,0.909705451,2.109804131,0.203997653,3.272708196,2.39798879,1.437347567,0.010763632,0.040936639,0.280625195,0.604531847,0.162091152,3.371792159,0.738297051,0.040224467,0.066400228,0.003627813,0.745891725,0.000931811,0.001079378,2.608823651,0.395939182,1.523505083,0.163434919,13.84607485,0.577819537,0.279369828,0.940063419,6.655033249,0.916709158,0.220046105,35.51466035,0.000604764,0.004132672,3.055306232,0.000816028,0.000777156,0.341706011,1.288665311,35.74964166,0.283311847,4.758938571,7.990801111,0.089502639,0.000757081,0.000783296,0.057184108,0.549170883,0.000935656,0.001619057,0.001355475,0.000982331,8.430891557,3.140123106,16.13305251,7.759224796,15.94329292,21.88632745,0.086758062,0.523974939,50.80567455,5.740031838,9.789897757,0.066563147,0.17424457,49.6382975,0.282186276,0.034256032,18.04166262,1.04845994,0.203505466,0.001512004,23.88322766,0.002270814,2.615482911,2.220458338,57.53550054,0.001637774,0.002764558,1.04017828,0.577762923,0.967567223,48.77134342,0.001418919,0.001237393,0.765465176,0.756734973,0.001575798,0.001640476,6.513067328,38.3916871,2.741438627,0.988669778,18.58647666,0.427195849,3.209833221,9.833238357,6.19205282,2.706530799,0.97786417,5.44433471,0.010150465,0.121791251,1.916814848,0.033845933,3.35983764,28.04613851,0.018077113,0.045239352,0.05350257,21.60863328,0.240230611,0.002454093,3.599016687,3.858913778,0.013602248,0.001772353,0.001610762,0.043069309,2.071852706,0.001318121,1.078597802,0.00199949,1.082781697,0.624939096,0.159343408,1.343427498,0.047180943,0.300261122,0.837346523,0.262979901,0.779777106,1.556062146,0.035146458,0.046580461,0.772698211,0.041595899,0.111803104,0.00468107,1.103890082,0.028782528,0.015688814,0.193011955,0.0212709,0.002312334,0.02796588,0.002622941,0.068237244,0.000993007,0.004508861,0.002634538,0.015594037,0.021260725,0.095934418,0.00645828,0.000910525,0.000553584,0.001049597,0.046409972,664.8247555
S845,1.099987731,0.575015892,1.769429417,1.977097458,0.327903673,1.756893255,0.379633266,7.522338088,0.766790965,0.114116118,3.794588932,2.099224982,0.035525139,8.957243313,11.88965932,8.021684814,32.42546375,1.180469511,67.76097292,34.46278261,21.73752299,0.020396308,0.36569127,7.066614308,8.448295061,1.505582207,372.8573559,8.840769395,0.139438317,1.696081184,0.020582009,8.264868911,0.120154331,0.027595134,1430.240751,28.14907464,748.977312,64.83431468,12099.08813,126.7938491,64.34343636,341.6050179,6465.719968,584.7874609,24.33818965,38910.41188,0.208770964,0.220977247,1262.640794,0.069028261,0.011486454,0.70661141,537.8385763,21034.4952,195.3883219,3658.835625,4288.063423,4.67694614,0.136388151,4.725904706,14.32629804,29.16685854,0.037824702,0.230301903,0.030884153,0.136859658,2495.243625,1590.304765,10386.85372,3115.252556,7419.207488,8962.83668,4.626140431,291.3383436,30567.29651,4573.315675,6916.104058,161.7600112,143.4739319,40039.49423,283.8873537,4.596857393,11194.33197,904.6710263,209.8921522,0.590743537,3376.105998,0.154613128,652.833583,541.7208993,19182.6943,0.124024583,2.252540403,240.4412301,12.52853479,614.860721,10578.73374,0.519163864,0.027800756,141.4282007,168.6623576,0.208538263,0.1089769,736.1281557,6057.924416,470.2376478,303.8498437,4094.66101,128.4678631,1024.425468,4117.405266,3230.784934,539.3644474,378.8801274,1094.166818,7.414257201,59.29693354,787.2299488,18.85984021,871.721191,9155.359828,13.22358274,30.57161961,42.83905068,4983.527778,132.567887,0.122692993,321.9282372,636.0209068,0.021939068,0.226993811,0.083208911,11.32539633,321.5957313,1.571998749,116.8287539,0.01318037,75.33648558,71.88134676,17.59431843,149.6756121,13.09287262,68.69147359,94.12627529,40.98730829,172.1573403,134.9945241,8.291667292,2.872044084,122.2125298,0.95700845,10.49725195,0.615065361,161.8389523,0.959941475,1.407871003,12.25949985,3.702226355,0.001834641,0.947693359,1.017494226,1.905598635,0.462882556,3.53231681,1.249890282,1.446771539,1.995342908,2.054672161,0.124059923,0.116282502,0.079609309,0.112078265,0.05241597,298185.6448
S846,0.781706218,0.2751704,1.416433694,1.695151572,0.34653772,1.899766846,0.345988172,8.830983025,0.576944183,0.097728157,4.411984652,2.505751946,0.00667298,13.76171778,16.78125219,10.54485555,42.31683602,1.481798702,110.6607199,56.57014883,37.66621154,0.072666626,0.407707895,10.64994333,12.78843629,2.090166979,595.611437,12.70452486,0.210740351,3.601128144,0.019597869,20.70029724,0.157542291,0.033766698,2870.173395,63.62546768,1485.572506,123.2999293,22949.02736,229.8826383,115.0779684,614.8762032,11868.69568,974.8525742,32.21817102,66939.79339,0.321364986,5.847612585,2840.021707,0.098389214,268.8081675,167.707571,1207.84847,43320.28967,404.5814082,7315.588999,9236.152967,11.27086625,0.072762654,9.641543757,50.44450965,74.1957606,0.047025261,0.604177811,0.273282532,0.204208028,5621.13183,3172.758842,21222.72687,6909.100345,15712.00194,18635.28775,2.429070598,607.3941991,58339.19216,8867.901236,14060.58951,275.667743,273.2138932,74158.47935,524.5382674,14.85107022,22319.21294,1738.448235,382.8934084,1.015994218,7839.807542,0.32779265,1448.604131,1187.462975,38986.26908,0.336719729,7.036264093,543.53807,809.7840344,1158.552895,23280.07042,0.453143944,0.047232161,323.8143739,376.5449212,5.833850142,0.42508225,1842.756914,14382.20678,1116.049374,712.7369808,9700.324411,297.1349933,2364.796105,9212.481014,7125.686745,1271.186518,855.2550736,2571.62681,19.24432794,138.3450417,1750.089062,40.89950556,2007.076906,20449.82758,28.494433,66.38184756,88.95650648,11453.54168,286.5540549,0.307923686,810.4910536,1524.437794,8.894989076,0.428684187,0.777196181,28.20804106,761.7235494,4.627539692,286.4146566,0.022048782,188.1610556,175.6320861,42.16202125,361.8984237,30.54868317,160.4724836,229.1095998,96.93302465,396.0500403,326.4617244,19.34190004,6.441677567,283.6378866,2.072609972,28.20066831,1.570665647,379.841119,2.051102741,3.338798071,30.20953608,8.719669458,0.00068546,2.378143526,2.490782134,4.3262867,1.009338635,8.205385778,2.99921329,3.399518293,4.719043191,4.85685319,0.152402396,0.270050009,0.138207115,0.259085899,0.085268588,596977.0124
S847,0.160791018,0.057718286,0.120688013,0.212556648,0.066531219,0.113015371,0.037076232,0.412453261,0.047124543,0.011685001,1.778278517,0.05463769,0.007837572,0.088740465,0.18956814,0.186072235,0.425822536,0.036529976,0.621272282,0.507906773,0.221446471,0.006257824,0.008888702,0.058638357,0.098352642,0.028524459,0.602305415,0.136057346,0.101833782,0.02327312,0.011612148,0.171201651,0.005386142,0.005054782,0.866886982,0.082614713,0.420546144,0.039548687,5.18882273,0.113449232,0.092577244,0.241391511,2.537133369,0.30233141,0.045840095,15.15844333,0.00060639,0.003150112,1.199964515,0.004630698,0.001464639,0.063549978,0.4596716,13.21356406,0.132387302,1.641594711,2.846480508,0.036210527,0.010019768,0.010953651,0.025928958,0.311095828,0.002747035,0.0877562,0.001946984,0.008766439,3.234993328,0.933807632,5.969039533,2.769976652,6.26072307,7.920254125,0.007541167,0.217361027,19.66647206,2.369727261,4.081060271,0.021460142,0.071415163,19.33597488,0.115495339,0.010767324,6.84778546,0.387479655,0.080769376,0.000558669,8.55627541,0.000938069,1.034968605,0.863983972,20.84453507,0.000702725,0.003300312,0.343005328,0.170719447,0.544855556,17.29375314,0.000838162,0.001320024,0.253971599,0.289913791,0.00334879,0.003723018,2.753061014,15.09595311,1.133494624,0.409932467,7.108887191,0.213099303,1.215530336,4.028120517,2.313707819,1.049409714,0.371572835,2.229821225,0.133493854,0.071534861,0.753830461,0.010825707,1.377491475,11.05670242,0.00234195,0.014287854,0.011556443,8.695556095,0.10586789,0.000423337,1.601827124,1.547165505,0.004055057,0.002164222,0.003111408,0.022261167,0.978169662,0.005126988,0.507264129,0.003282123,0.648306644,0.340990603,0.031326921,0.755340056,0.050479417,0.17792693,0.426654041,0.168994155,0.431108321,0.92885293,0.017869828,0.041164768,0.393642065,0.077475111,0.01633501,0.014820502,0.664552095,0.043570034,0.003473899,0.051194766,0.010794142,0.002458641,0.065182009,0.027508508,0.078776521,0.003223444,0.099210945,0.016110919,0.02081938,0.021549617,0.097252155,0.051436388,0.002855948,0.002241382,0.001627025,0.02505498,252.9211391
S849,0.489773526,0.464629494,0.875700993,1.457236174,0.317897036,1.221482301,0.235755882,6.074450241,0.373428047,0.076511671,10.59106632,0.821579882,0.021359912,4.139968334,9.354075718,6.682261599,18.21679891,1.129453834,25.02084878,15.5249323,10.65723407,0.016754398,0.272614796,2.043544971,4.165094484,1.256421305,45.58191718,6.308341901,0.059400833,1.174671516,0.004596812,11.28122834,0.010748764,0.007857599,76.78085722,4.274856024,43.70354741,2.947781697,654.8063221,12.0805004,4.733971989,23.09031096,372.9788837,36.45413782,1.686473367,2296.879554,0.062085518,0.051689331,42.56495412,0.103325752,0.015503042,6.375131591,19.82868878,826.2173268,8.726196883,191.9794161,168.0136585,0.850604754,0.04853673,0.391341838,5.272740904,3.620578103,0.001920224,0.014743464,0.005610179,0.012274273,49.62100459,44.73363225,346.6394243,75.9034087,201.5806471,222.1058997,0.126949882,9.958041328,1008.615607,185.4011709,229.7587993,6.220582782,6.163530478,1641.864968,13.37955182,0.316755763,351.7834665,34.88085247,9.295447944,0.034777175,35.87634715,0.006037229,10.90721611,9.482527261,435.4887169,0.014660586,0.046505694,3.832501643,2.372906308,17.4172381,161.6541712,0.020571953,0.004723791,2.076064237,2.991713905,0.003317522,0.003888799,5.183283768,61.71076043,5.122322906,5.399682809,58.00944585,2.318729074,19.09568697,100.8074582,87.68625044,6.802243449,7.965604594,14.05069449,0.051237653,0.984154551,18.38059131,0.557102282,13.74704503,190.4234288,0.418770161,1.015766515,1.364278166,74.96305645,3.460490566,0.016403274,1.417409122,6.823862332,0.007231414,0.007502564,0.001417748,0.022970973,3.424623716,0.003025257,0.80983059,0.001570852,0.275765643,0.61804375,0.059685791,1.689235419,0.212587473,1.424823432,0.916705201,0.856918577,4.814330254,0.921648155,0.063390758,0.033682781,1.73366583,0.050667679,0.206565565,0.000647948,2.962648642,0.036229085,0.005433841,0.021354243,0.01505564,0.001412738,0.005427894,0.004871055,0.04810628,0.004729401,0.100165828,0.035599897,0.082274881,0.167374381,0.062888092,0.004622347,0.001993171,0.005279393,0.006813021,0.035700088,10820.62706
S902,0.104871709,0.060452631,0.115152299,0.351761445,0.06726284,0.210899081,0.050918138,1.051305869,0.070763903,0.027355115,1.691196127,0.160819307,0.003438127,0.802134829,1.126696982,0.756439087,2.052217737,0.1569884,4.816640314,3.482056965,2.332609363,0.009494609,0.036791275,0.362153134,0.881796256,0.153126702,5.264073307,0.686586697,0.01139619,0.181651912,0.0008215,1.611292857,0.000763094,0.00157823,3.738502278,0.735944112,2.171538725,0.305451636,17.01251362,0.969971507,0.40532574,1.564831324,8.536408056,1.152963746,0.254131259,43.59518024,0.019587582,0.050685277,3.600625376,0.01650135,0.000686881,0.57525293,1.971738353,37.00902683,0.379068444,6.147252194,9.911386661,0.22238214,0.002019033,0.050987978,0.205226301,0.352708913,0.000833752,0.003531386,0.001178558,0.000882069,3.576395402,7.136529033,11.69751537,2.076977137,2.442830009,25.36025208,0.041313367,0.371986936,13.53272547,4.760930691,8.165484908,0.065828297,0.14526009,48.14553042,0.279590403,0.0430691,12.38729351,1.678415854,0.216939838,0.011653322,6.201663815,0.000882043,2.088777477,0.443842745,56.0754887,0.00068346,0.001238267,0.383410213,1.076250301,1.332014474,19.81584977,0.000789572,0.000640345,0.252073873,0.31265636,0.000801733,0.000866652,0.927713061,4.823577253,0.9767142,0.99499955,8.383540385,0.243421725,3.467887402,3.824313823,5.001066598,0.955299585,0.269076443,5.451412846,0.008371501,0.069228153,1.420012825,0.030599261,1.839739081,8.825304297,0.018757886,0.042799705,0.050298911,5.910918416,0.332366954,0.005590739,0.432129858,1.485261804,0.008016058,0.013554418,0.003011979,0.001205417,0.841260956,0.001405246,0.344519262,0.002395683,0.486800331,0.185433145,0.294206669,0.911629576,0.056562637,0.300658855,0.565352329,0.246033247,0.83727696,0.518823852,0.019467895,0.008544217,0.712638865,0.041582131,0.100668304,0.004555184,1.080728504,0.024452799,0.003667557,0.108316323,0.038548062,0.001927526,0.062303337,0.058765453,0.125476977,0.00709104,0.060210377,0.041513957,0.041798342,0.037598788,0.077093716,0.001779165,0.002836185,0.001722551,0.001497277,0.011121565,463.8667363
S908,0.046954528,0.016833522,0.036036519,0.080038654,0.014210189,0.048018743,0.016789619,0.230973003,0.021071365,0.006869994,0.154980693,0.027454952,0.000458161,0.127298803,0.355613359,0.2837038,0.799821468,0.065456964,0.822417223,0.583314486,0.397651761,0.004850381,0.020775115,0.06984008,0.161426024,0.058564816,1.106859219,0.220760771,0.001570967,0.000615036,0.000528471,0.172552211,0.000490898,0.000609165,0.928331615,0.160951544,0.531603908,0.091077593,4.542990837,0.331236784,0.142679307,0.413911888,2.513496431,0.504220915,0.061884956,13.91524992,0.000474035,0.002741866,0.697626112,0.000632297,0.001263354,0.131817509,0.388373148,7.272247027,0.074700577,1.511748487,1.774639927,0.017369281,0.000618921,0.000601154,0.053766747,0.000657935,0.000766743,0.004546596,0.00054192,0.000811178,1.225778194,1.61785243,3.819349264,0.598383606,0.693566642,8.047631475,0.00508271,0.12589358,3.960928846,1.530138437,2.461888971,0.034433793,0.075304129,16.20720273,0.105779516,0.001971615,3.672905681,0.62432868,0.099064543,0.000546166,2.604493387,0.000868131,0.753458512,0.159318633,17.95344724,0.000672678,0.000609367,0.122387729,0.202322971,0.343573152,6.391012659,0.000777119,0.000630245,0.101730385,0.073791057,0.000789087,0.00085298,0.582118077,2.335084743,0.524338293,0.371962514,3.742304151,0.103349171,1.364726609,1.383054739,1.815857492,0.447091886,0.099859985,2.414842364,0.00092222,0.0172316,0.524029477,0.003986426,0.751010562,3.313146969,0.001527343,0.020282697,0.009367705,2.317218493,0.119089565,0.00392628,0.281459879,0.696941287,0.003753025,0.002538409,0.00051279,0.001410906,0.459348075,0.000526336,0.184553027,0.001682446,0.444306749,0.126558979,0.057080011,0.587400784,0.016764592,0.131082745,0.394059585,0.142462045,0.373223363,0.385255479,0.010306347,0.009563606,0.35502006,0.038487641,0.017885524,0.002614693,0.56822344,0.017837419,0.020867714,0.038716924,0.038030329,0.00179791,0.07422603,0.059889522,0.121498189,0.007010435,0.020202751,0.004309417,0.011019524,0.012731488,0.085229253,0.002736131,0.000888947,0.000539899,0.000703938,0.046615697,143.7719605
S862,0.7959191,0.221048329,0.693015625,5.445950904,0.523463098,6.647313008,0.664607076,37.77072801,1.471106099,0.190722065,3.962014344,2.253779072,0.002871401,24.17033036,58.23454185,48.57603711,124.4175922,8.147108476,164.3946877,102.4899455,57.12856108,0.283986911,1.76497194,11.82726617,26.79930874,8.147540347,187.664667,38.12039063,0.591073852,0.782591156,0.004187684,14.8443244,0.006343033,0.008176273,66.94507645,12.80689229,42.40406999,8.324993826,389.5110768,35.88890351,11.4760768,45.56223522,254.2641671,48.1612581,7.325971511,1396.01849,0.294536708,0.662082299,31.1625781,0.228918372,0.003903485,10.93006752,17.52818985,415.6609324,5.267270566,114.3932595,98.88877074,1.623096342,0.05224743,0.397391206,6.098305358,1.967506659,0.004670084,0.008820071,0.003565261,0.004292762,36.94774039,73.8575851,185.2764855,22.82816398,28.91483668,312.7515709,0.483602149,5.475870039,196.4631423,83.62482241,127.3022555,1.406364639,3.129444021,927.4518325,7.239105834,0.588110228,171.1050156,32.67545021,4.91501366,0.033646446,46.70647218,0.005546838,19.66942562,4.422098426,667.0862833,0.006265025,0.024540448,3.354079623,0.492760493,17.37004078,171.7662132,0.005410101,0.001980655,1.91825405,2.526553472,0.004327408,0.008210575,6.498223072,43.0932239,9.127883574,12.61393859,95.54632894,3.025932278,45.26898889,59.21112719,87.73205798,9.314813537,3.508617455,56.63014831,0.004950855,0.889456641,20.95641303,0.40242986,20.99084359,122.9255456,0.281983697,0.677761834,0.846382874,64.29410833,5.075257574,0.001772246,2.438096936,13.05690333,0.407352945,0.020671216,0.00400391,0.124008558,7.69081177,0.002986459,2.289136101,0.004182543,2.338015509,1.309545402,1.492802749,7.516756177,0.681236594,3.706919612,4.435473916,2.856572525,11.52190035,3.108209382,0.197488345,0.098117274,6.390064527,0.053396467,0.9259727,0.007078898,10.82560698,0.036667064,0.049135668,0.44891496,0.269571998,0.000409901,0.191564521,0.185950084,0.594124618,0.090654049,0.333849072,0.262046583,0.311711705,0.322654614,0.418410803,0.002527266,0.007054303,0.018973849,0.023142631,0.041832543,7876.785004
S863,0.979439625,0.273789514,0.894925845,7.822482635,0.748873587,9.154987735,0.899222342,51.97225152,2.101248538,0.263810325,4.52753927,3.377924198,0.004806095,36.61879608,68.09599884,57.05855871,145.781002,9.6614287,205.1744906,129.0625192,73.13114898,0.368743776,2.003499277,14.59956533,33.38001346,9.3573433,229.9642629,44.03105725,0.708155942,1.160962017,0.004070271,22.10273261,0.005376028,0.004106056,77.0097239,15.35166817,50.75976323,8.998089599,440.3569363,42.07438431,13.8480694,56.1485194,293.5827165,54.86299763,8.527864889,1561.20682,0.361232711,0.966829072,29.87073793,0.37002082,0.002328101,12.7844126,17.26092482,429.6537445,5.81462178,130.3844407,105.4611019,1.982233335,0.080769223,0.426531994,2.9692678,1.358846934,0.003267204,0.00444008,0.001920682,0.002539169,23.64811772,43.50186515,149.0778182,14.74589971,21.39639866,200.909901,0.360600222,4.356012704,149.8482159,73.45334913,99.11476258,1.629003922,3.105612252,827.4706134,7.459797576,0.557361912,134.1299697,31.93476448,5.281821337,0.018511083,30.17708663,0.003938353,12.21656881,2.736948749,422.2520659,0.003767005,0.011396674,2.228014685,0.580208398,11.93791481,109.3242501,0.004571735,0.000719402,1.428167305,1.590098409,0.001431907,0.002671292,4.33233879,25.90760713,5.37995088,7.080666329,53.91484396,1.698958609,25.1765394,33.24675989,53.55027619,5.279113481,1.91906812,32.86166768,0.003866011,0.469231552,12.11214677,0.251438704,11.61059046,68.26943345,0.185931036,0.479894734,0.610639154,36.52702782,2.991943798,0.001448646,1.758625895,7.749491156,0.007713035,0.011771175,0.003439972,0.004143864,4.576719823,0.022905656,1.546263699,0.000925354,1.702728338,0.845109309,1.035984844,4.797435785,0.390774289,1.951153744,2.959214575,1.525787373,6.109589447,2.289098816,0.093578805,0.057303768,3.811244678,0.04195121,0.595375072,0.003481528,6.413466855,0.037378547,0.002186428,0.354681285,0.195187608,0.000383035,0.102926598,0.125743274,0.453356883,0.063599705,0.239024689,0.172390327,0.202204614,0.200195782,0.279725582,0.011140842,0.00382512,0.008131128,0.011358868,0.022523115,7350.935738
S861,0.135437007,0.067477606,0.133613595,0.527023539,0.104770213,0.2971776,0.07225096,1.315866519,0.093601229,0.026815277,1.95294453,0.212854594,0.000531208,0.702503778,1.340601524,1.028868911,2.671707468,0.211717944,4.137795268,2.759230149,1.714052853,0.003355705,0.044389516,0.387382461,1.234506934,0.187618992,4.824613569,0.847297182,0.017535511,0.480461907,0.000855339,1.009415826,0.015961068,0.000979354,2.891634695,0.453238758,1.780467124,0.305978964,13.28192037,0.875542149,0.395326396,1.231703042,7.645792977,1.380025038,0.333116148,39.67750814,0.001066325,0.106957466,2.007458295,0.026047522,0.000664437,0.481110385,1.102230491,21.20506717,0.252221234,4.499598665,5.472471731,0.27357612,0.000656265,0.055184297,0.071288921,0.383920695,0.0007769,0.001348377,0.000570958,0.000811912,1.749538269,4.614179572,7.678064478,1.138146749,1.347566508,13.9650036,0.017158831,0.245576099,7.899492896,3.645064134,5.145157858,0.043321048,0.127825201,34.93603948,0.28816932,0.0290151,7.340693464,1.362021126,0.190904971,0.000637606,2.876412269,0.016713419,1.026255793,0.228617298,28.11504011,0.000762372,0.006349315,0.185329987,0.111264142,0.819104202,8.783365458,0.006908534,0.000710465,0.104712325,0.138568194,0.000833419,0.000930958,0.312154831,1.654780915,0.347092459,0.425286704,3.192363178,0.095567229,1.34874822,1.800263421,2.841447182,0.357979119,0.124450063,1.979319591,0.004723651,0.045705124,0.68375101,0.000284271,0.646996489,3.685569632,0.011995574,0.029042799,0.033990652,2.090390689,0.184631169,0.000505076,0.14995298,0.51377637,0.001772553,0.009971746,0.002900377,0.000621643,0.266601494,0.003547498,0.108783048,0.000589965,0.127196629,0.038268067,0.008787109,0.279795866,0.018670984,0.103646992,0.152854069,0.083608786,0.316521419,0.151232469,0.003347701,0.010120822,0.18347535,0.030823238,0.007496721,0.001481602,0.353149832,0.020567044,0.00270854,0.013024379,0.003082527,0.000803483,0.019666088,0.013808452,0.010356209,0.002196271,0.008005908,0.001112239,0.005369718,0.007455987,0.006560052,0.001319929,0.00111045,0.000639744,0.000826491,0.040050952,293.9266505
